id,sentiment_label
0,Neutral
1,Neutral
2,Neutral
3,Neutral
4,Neutral
5,Negative
6,Neutral
7,Neutral
8,Neutral
9,Neutral
11,Neutral
12,Neutral
13,Negative
14,Neutral
15,Neutral
16,Neutral
19,Neutral
20,Negative
21,Negative
22,Negative
23,Negative
24,Neutral
25,Neutral
26,Neutral
27,Neutral
30,Neutral
31,Neutral
32,Neutral
33,Negative
34,Negative
38,Neutral
39,Negative
40,Neutral
41,Neutral
42,Neutral
43,Neutral
44,Neutral
45,Negative
46,Neutral
47,Negative
48,Neutral
50,Neutral
52,Neutral
54,Neutral
56,Neutral
57,Neutral
58,Neutral
62,Negative
64,Neutral
65,Neutral
67,Neutral
68,Neutral
69,Neutral
71,Neutral
76,Neutral
77,Negative
79,Neutral
80,Neutral
81,Neutral
82,Neutral
83,Neutral
84,Negative
85,Neutral
86,Negative
87,Neutral
88,Neutral
89,Negative
90,Positive
91,Negative
92,Neutral
93,Neutral
94,Negative
95,Neutral
96,Neutral
97,Neutral
98,Negative
99,Neutral
100,Neutral
101,Neutral
102,Neutral
103,Neutral
104,Negative
105,Negative
106,Negative
107,Neutral
108,Negative
109,Neutral
110,Neutral
111,Negative
113,Negative
114,Negative
115,Neutral
116,Negative
117,Neutral
119,Negative
120,Neutral
121,Negative
122,Neutral
123,Negative
124,Neutral
125,Neutral
126,Negative
127,Neutral
128,Negative
129,Negative
130,Negative
131,Negative
132,Neutral
133,Negative
134,Neutral
135,Neutral
136,Negative
137,Neutral
138,Negative
139,Negative
140,Negative
141,Neutral
142,Negative
143,Negative
144,Neutral
145,Negative
146,Negative
147,Negative
148,Negative
149,Neutral
150,Neutral
151,Negative
152,Neutral
153,Neutral
154,Negative
155,Neutral
156,Negative
157,Negative
158,Neutral
159,Negative
160,Negative
161,Neutral
162,Negative
163,Negative
164,Neutral
165,Negative
166,Negative
167,Negative
168,Neutral
169,Neutral
170,Negative
171,Neutral
172,Neutral
173,Negative
174,Neutral
175,Neutral
176,Neutral
177,Neutral
178,Negative
179,Neutral
180,Neutral
181,Neutral
182,Neutral
183,Neutral
184,Neutral
185,Neutral
186,Neutral
187,Negative
188,Negative
189,Neutral
191,Neutral
192,Negative
193,Neutral
194,Neutral
195,Neutral
196,Neutral
197,Neutral
198,Neutral
199,Neutral
200,Neutral
201,Negative
202,Neutral
203,Neutral
205,Neutral
206,Neutral
207,Negative
208,Neutral
209,Negative
210,Negative
211,Neutral
212,Neutral
213,Negative
214,Neutral
215,Negative
216,Negative
217,Neutral
218,Neutral
219,Neutral
220,Neutral
221,Neutral
222,Negative
223,Negative
224,Neutral
225,Neutral
226,Neutral
227,Negative
228,Negative
229,Negative
230,Neutral
231,Neutral
232,Negative
233,Neutral
234,Neutral
235,Neutral
236,Neutral
237,Negative
238,Neutral
239,Neutral
240,Negative
241,Negative
242,Neutral
243,Neutral
244,Neutral
245,Neutral
246,Negative
247,Neutral
248,Neutral
249,Neutral
250,Neutral
251,Negative
252,Neutral
253,Neutral
254,Negative
255,Negative
256,Neutral
257,Neutral
258,Negative
259,Negative
260,Neutral
261,Negative
262,Neutral
263,Negative
264,Neutral
265,Neutral
266,Neutral
267,Neutral
268,Neutral
269,Neutral
270,Neutral
271,Neutral
272,Negative
273,Neutral
274,Neutral
275,Negative
276,Neutral
277,Neutral
278,Neutral
279,Neutral
280,Negative
281,Neutral
282,Neutral
283,Negative
284,Negative
285,Negative
286,Neutral
287,Neutral
288,Negative
289,Neutral
290,Neutral
291,Neutral
292,Negative
293,Negative
294,Neutral
295,Neutral
296,Neutral
297,Neutral
298,Neutral
299,Negative
300,Neutral
301,Negative
302,Neutral
303,Neutral
304,Neutral
305,Neutral
306,Neutral
307,Neutral
308,Neutral
309,Neutral
310,Neutral
311,Neutral
312,Negative
313,Neutral
314,Neutral
315,Negative
316,Neutral
317,Neutral
318,Negative
319,Neutral
320,Neutral
321,Negative
322,Neutral
323,Negative
324,Neutral
325,Neutral
326,Neutral
327,Negative
328,Neutral
329,Neutral
330,Neutral
331,Neutral
332,Neutral
333,Negative
334,Neutral
335,Negative
336,Neutral
337,Neutral
338,Neutral
339,Neutral
340,Neutral
341,Negative
342,Negative
343,Neutral
344,Neutral
345,Neutral
346,Neutral
347,Negative
348,Neutral
349,Negative
350,Neutral
351,Negative
352,Neutral
353,Neutral
354,Neutral
355,Negative
356,Neutral
357,Negative
358,Negative
359,Neutral
360,Neutral
361,Negative
362,Negative
363,Neutral
364,Negative
365,Neutral
366,Neutral
367,Negative
368,Neutral
369,Negative
370,Negative
371,Negative
372,Negative
373,Negative
374,Neutral
375,Neutral
376,Positive
377,Neutral
378,Neutral
379,Neutral
380,Neutral
381,Negative
382,Neutral
383,Neutral
384,Neutral
385,Neutral
386,Neutral
387,Negative
388,Negative
389,Negative
390,Neutral
391,Neutral
392,Neutral
393,Neutral
394,Neutral
395,Neutral
396,Neutral
397,Negative
398,Neutral
399,Negative
400,Neutral
401,Negative
402,Neutral
403,Negative
404,Neutral
405,Neutral
406,Neutral
407,Negative
408,Neutral
409,Neutral
410,Neutral
411,Negative
412,Negative
413,Neutral
414,Negative
415,Neutral
416,Negative
417,Negative
418,Neutral
419,Neutral
420,Neutral
421,Negative
422,Neutral
423,Negative
424,Neutral
425,Neutral
426,Negative
427,Negative
428,Neutral
429,Neutral
430,Neutral
431,Neutral
432,Neutral
433,Neutral
434,Negative
435,Negative
436,Negative
437,Neutral
438,Neutral
439,Neutral
440,Neutral
441,Neutral
442,Neutral
443,Neutral
444,Negative
445,Neutral
446,Negative
447,Neutral
448,Negative
449,Negative
450,Neutral
451,Negative
452,Neutral
453,Neutral
454,Negative
455,Negative
456,Neutral
457,Neutral
458,Neutral
459,Neutral
460,Negative
461,Neutral
462,Neutral
463,Neutral
464,Neutral
465,Negative
466,Neutral
467,Negative
468,Negative
469,Neutral
470,Neutral
471,Neutral
474,Negative
481,Negative
482,Neutral
483,Neutral
484,Neutral
485,Neutral
487,Neutral
490,Positive
491,Negative
492,Neutral
494,Neutral
495,Neutral
497,Negative
500,Positive
501,Negative
502,Neutral
503,Neutral
504,Negative
505,Neutral
510,Negative
512,Positive
514,Neutral
515,Neutral
516,Negative
517,Neutral
519,Neutral
520,Negative
524,Negative
527,Neutral
528,Neutral
529,Negative
530,Neutral
531,Negative
533,Neutral
534,Negative
535,Negative
536,Negative
537,Neutral
538,Negative
540,Negative
541,Negative
542,Neutral
544,Neutral
549,Negative
551,Negative
552,Negative
553,Neutral
554,Neutral
556,Negative
557,Neutral
558,Neutral
562,Negative
563,Neutral
564,Negative
565,Neutral
568,Negative
569,Negative
571,Neutral
572,Negative
573,Negative
574,Negative
575,Negative
576,Negative
577,Neutral
578,Negative
579,Negative
580,Negative
581,Negative
582,Negative
584,Negative
585,Neutral
588,Neutral
592,Neutral
593,Neutral
597,Neutral
598,Neutral
600,Negative
601,Neutral
603,Neutral
606,Negative
608,Negative
609,Negative
610,Negative
611,Neutral
612,Positive
614,Neutral
616,Neutral
617,Negative
618,Negative
619,Neutral
620,Negative
623,Neutral
625,Negative
626,Negative
629,Negative
630,Negative
637,Neutral
638,Negative
639,Neutral
640,Neutral
641,Negative
642,Neutral
643,Negative
644,Neutral
645,Neutral
648,Neutral
649,Negative
650,Negative
652,Neutral
654,Neutral
655,Negative
656,Neutral
658,Negative
659,Negative
660,Neutral
661,Negative
664,Negative
667,Negative
668,Negative
669,Neutral
670,Negative
671,Negative
672,Negative
673,Negative
674,Neutral
675,Negative
676,Neutral
677,Neutral
678,Negative
679,Negative
680,Negative
681,Negative
682,Neutral
683,Neutral
684,Neutral
685,Negative
686,Neutral
687,Negative
688,Neutral
689,Negative
690,Neutral
691,Negative
692,Negative
693,Negative
694,Neutral
695,Neutral
696,Neutral
697,Neutral
699,Neutral
700,Neutral
702,Negative
703,Negative
704,Neutral
705,Neutral
706,Negative
707,Negative
708,Negative
709,Neutral
710,Neutral
711,Neutral
712,Neutral
713,Negative
714,Negative
715,Neutral
716,Neutral
717,Negative
718,Negative
719,Negative
720,Neutral
721,Neutral
722,Negative
723,Neutral
724,Negative
725,Negative
726,Neutral
727,Neutral
728,Positive
729,Neutral
730,Negative
731,Neutral
732,Negative
733,Negative
734,Negative
735,Negative
736,Negative
737,Negative
738,Negative
739,Negative
740,Neutral
741,Neutral
742,Negative
743,Neutral
744,Neutral
745,Negative
746,Neutral
747,Negative
748,Negative
749,Negative
750,Negative
751,Neutral
752,Negative
753,Negative
754,Negative
755,Neutral
756,Negative
757,Neutral
758,Neutral
759,Negative
760,Neutral
761,Negative
763,Negative
764,Neutral
765,Neutral
766,Neutral
767,Negative
768,Negative
769,Neutral
770,Negative
771,Neutral
772,Neutral
773,Negative
774,Negative
775,Neutral
776,Neutral
777,Negative
778,Neutral
779,Neutral
780,Neutral
781,Negative
782,Neutral
783,Negative
784,Neutral
785,Negative
786,Negative
787,Negative
788,Neutral
789,Neutral
790,Neutral
791,Neutral
792,Negative
793,Positive
794,Negative
795,Negative
796,Positive
797,Neutral
798,Negative
799,Negative
800,Negative
801,Negative
802,Negative
803,Negative
804,Negative
805,Neutral
806,Negative
807,Neutral
808,Negative
809,Neutral
810,Neutral
811,Neutral
813,Negative
814,Neutral
815,Negative
816,Neutral
817,Negative
818,Negative
819,Negative
820,Negative
821,Neutral
822,Negative
823,Negative
824,Neutral
825,Neutral
826,Negative
827,Neutral
828,Negative
829,Negative
830,Neutral
831,Negative
832,Neutral
833,Neutral
834,Negative
835,Negative
836,Negative
837,Negative
838,Negative
840,Negative
841,Neutral
842,Neutral
843,Negative
844,Negative
845,Negative
846,Negative
847,Neutral
848,Negative
849,Negative
850,Negative
851,Neutral
852,Neutral
854,Negative
855,Negative
856,Negative
857,Neutral
858,Negative
859,Neutral
861,Negative
862,Neutral
863,Negative
864,Neutral
865,Negative
866,Negative
867,Neutral
868,Neutral
869,Negative
870,Neutral
871,Negative
872,Neutral
873,Negative
874,Neutral
875,Negative
876,Negative
877,Negative
878,Neutral
879,Neutral
880,Negative
881,Neutral
882,Neutral
883,Neutral
884,Neutral
885,Negative
886,Neutral
887,Negative
888,Neutral
889,Neutral
890,Neutral
891,Neutral
892,Neutral
893,Neutral
894,Neutral
895,Neutral
896,Negative
897,Neutral
898,Neutral
899,Negative
900,Negative
901,Negative
902,Negative
903,Neutral
904,Neutral
905,Neutral
906,Negative
907,Neutral
908,Neutral
909,Negative
910,Negative
911,Neutral
912,Negative
913,Negative
914,Neutral
916,Neutral
918,Neutral
919,Negative
920,Neutral
921,Neutral
922,Neutral
923,Negative
924,Neutral
925,Neutral
926,Neutral
927,Negative
928,Neutral
929,Negative
930,Neutral
931,Neutral
932,Negative
933,Neutral
934,Negative
935,Neutral
936,Negative
937,Negative
938,Negative
939,Negative
940,Negative
941,Negative
942,Negative
943,Negative
944,Neutral
945,Negative
946,Neutral
947,Neutral
948,Neutral
949,Negative
950,Negative
951,Neutral
953,Negative
954,Neutral
955,Neutral
956,Neutral
957,Negative
958,Neutral
959,Negative
960,Negative
961,Negative
963,Negative
964,Neutral
965,Negative
966,Negative
967,Neutral
968,Neutral
969,Negative
970,Negative
971,Neutral
972,Neutral
973,Negative
974,Neutral
975,Negative
976,Negative
977,Negative
978,Negative
979,Negative
980,Neutral
981,Negative
982,Neutral
983,Neutral
984,Negative
985,Negative
986,Negative
987,Neutral
988,Negative
989,Neutral
990,Negative
991,Negative
992,Neutral
993,Neutral
994,Neutral
995,Negative
996,Negative
997,Negative
998,Negative
999,Negative
1000,Negative
1001,Negative
1002,Neutral
1003,Neutral
1004,Neutral
1005,Negative
1006,Neutral
1008,Neutral
1009,Neutral
1010,Negative
1011,Negative
1012,Negative
1013,Neutral
1014,Negative
1015,Negative
1016,Negative
1017,Neutral
1018,Negative
1019,Negative
1020,Neutral
1021,Neutral
1022,Negative
1023,Neutral
1024,Negative
1025,Neutral
1026,Negative
1027,Neutral
1028,Negative
1029,Neutral
1030,Negative
1031,Negative
1032,Neutral
1033,Neutral
1034,Neutral
1035,Neutral
1036,Negative
1037,Neutral
1038,Neutral
1039,Negative
1040,Negative
1041,Negative
1042,Neutral
1043,Negative
1044,Negative
1045,Negative
1046,Negative
1047,Neutral
1048,Neutral
1049,Neutral
1050,Negative
1051,Neutral
1052,Negative
1053,Neutral
1054,Neutral
1055,Neutral
1056,Negative
1057,Negative
1058,Neutral
1059,Negative
1060,Negative
1061,Neutral
1062,Negative
1063,Neutral
1064,Negative
1065,Neutral
1066,Negative
1067,Negative
1068,Negative
1069,Neutral
1070,Negative
1071,Negative
1072,Negative
1073,Neutral
1074,Negative
1075,Neutral
1076,Negative
1077,Neutral
1078,Negative
1079,Neutral
1080,Negative
1081,Negative
1082,Negative
1083,Negative
1084,Neutral
1085,Neutral
1086,Negative
1087,Neutral
1088,Neutral
1089,Negative
1090,Neutral
1091,Negative
1092,Neutral
1093,Neutral
1094,Negative
1095,Negative
1096,Negative
1097,Negative
1098,Negative
1099,Negative
1100,Negative
1101,Negative
1102,Negative
1103,Negative
1104,Neutral
1105,Neutral
1106,Negative
1107,Negative
1108,Neutral
1109,Negative
1110,Negative
1111,Negative
1112,Negative
1113,Negative
1114,Negative
1115,Neutral
1116,Neutral
1117,Negative
1118,Negative
1119,Neutral
1120,Neutral
1121,Positive
1122,Neutral
1123,Positive
1124,Negative
1125,Neutral
1126,Negative
1127,Negative
1128,Neutral
1129,Negative
1130,Negative
1131,Negative
1132,Negative
1133,Neutral
1134,Neutral
1135,Negative
1136,Negative
1137,Neutral
1138,Negative
1139,Negative
1140,Negative
1141,Negative
1142,Negative
1143,Neutral
1144,Neutral
1145,Negative
1146,Neutral
1147,Neutral
1148,Negative
1149,Negative
1150,Negative
1151,Negative
1152,Negative
1153,Negative
1154,Neutral
1155,Neutral
1156,Negative
1157,Neutral
1158,Negative
1159,Neutral
1160,Neutral
1161,Neutral
1162,Negative
1163,Positive
1164,Negative
1165,Neutral
1166,Neutral
1167,Neutral
1168,Negative
1169,Negative
1170,Neutral
1171,Negative
1172,Neutral
1173,Negative
1174,Negative
1175,Neutral
1176,Neutral
1177,Negative
1178,Negative
1179,Negative
1180,Positive
1181,Neutral
1182,Negative
1183,Negative
1184,Neutral
1185,Neutral
1186,Neutral
1187,Negative
1188,Negative
1189,Negative
1190,Negative
1191,Negative
1192,Positive
1193,Negative
1194,Neutral
1195,Negative
1196,Negative
1197,Negative
1198,Negative
1199,Negative
1200,Neutral
1201,Neutral
1202,Neutral
1203,Negative
1204,Neutral
1205,Negative
1206,Negative
1207,Neutral
1208,Neutral
1209,Negative
1210,Negative
1211,Neutral
1212,Neutral
1213,Negative
1214,Negative
1215,Neutral
1216,Negative
1217,Negative
1218,Neutral
1219,Neutral
1220,Neutral
1221,Negative
1222,Positive
1223,Positive
1224,Neutral
1225,Neutral
1226,Negative
1227,Negative
1228,Neutral
1229,Neutral
1230,Neutral
1231,Negative
1232,Negative
1233,Neutral
1234,Neutral
1235,Neutral
1236,Negative
1237,Neutral
1238,Negative
1239,Neutral
1240,Negative
1241,Neutral
1242,Negative
1243,Neutral
1244,Positive
1245,Neutral
1246,Negative
1247,Negative
1248,Neutral
1249,Negative
1250,Negative
1251,Neutral
1252,Negative
1253,Negative
1254,Negative
1255,Negative
1256,Negative
1257,Negative
1258,Negative
1259,Negative
1260,Neutral
1261,Negative
1262,Neutral
1263,Neutral
1264,Neutral
1265,Neutral
1266,Negative
1267,Negative
1268,Neutral
1269,Negative
1270,Neutral
1271,Negative
1272,Negative
1273,Neutral
1274,Neutral
1275,Negative
1276,Neutral
1277,Negative
1278,Negative
1279,Negative
1280,Neutral
1281,Neutral
1282,Negative
1283,Negative
1284,Negative
1285,Negative
1286,Negative
1287,Neutral
1288,Negative
1289,Neutral
1290,Negative
1291,Neutral
1292,Negative
1293,Negative
1294,Neutral
1295,Positive
1296,Negative
1297,Negative
1298,Neutral
1299,Negative
1300,Negative
1301,Neutral
1302,Positive
1303,Neutral
1304,Negative
1305,Negative
1306,Neutral
1307,Positive
1308,Negative
1309,Neutral
1310,Neutral
1311,Neutral
1312,Negative
1313,Neutral
1314,Negative
1315,Negative
1316,Negative
1317,Neutral
1318,Neutral
1319,Neutral
1320,Negative
1321,Negative
1322,Negative
1323,Negative
1324,Negative
1325,Negative
1326,Negative
1327,Negative
1328,Neutral
1329,Neutral
1330,Negative
1331,Neutral
1332,Negative
1333,Negative
1334,Negative
1335,Neutral
1336,Negative
1337,Negative
1338,Negative
1339,Negative
1340,Neutral
1341,Neutral
1342,Negative
1343,Neutral
1344,Neutral
1345,Negative
1346,Neutral
1347,Negative
1348,Negative
1349,Negative
1350,Negative
1351,Negative
1352,Negative
1353,Negative
1354,Neutral
1355,Negative
1356,Negative
1357,Negative
1358,Neutral
1359,Neutral
1360,Negative
1361,Neutral
1362,Negative
1363,Neutral
1364,Negative
1365,Negative
1366,Negative
1367,Neutral
1368,Negative
1369,Negative
1370,Neutral
1371,Negative
1372,Neutral
1373,Negative
1374,Negative
1375,Neutral
1376,Neutral
1377,Neutral
1378,Negative
1379,Negative
1380,Neutral
1381,Neutral
1382,Neutral
1383,Negative
1384,Neutral
1385,Negative
1386,Negative
1387,Negative
1388,Negative
1389,Neutral
1390,Neutral
1391,Negative
1392,Neutral
1393,Neutral
1394,Negative
1395,Neutral
1396,Negative
1397,Negative
1398,Negative
1399,Negative
1400,Negative
1401,Neutral
1402,Negative
1403,Negative
1404,Neutral
1405,Negative
1406,Negative
1407,Neutral
1408,Negative
1409,Negative
1410,Negative
1411,Negative
1412,Negative
1413,Negative
1414,Negative
1415,Negative
1416,Negative
1417,Negative
1418,Negative
1419,Negative
1420,Negative
1421,Neutral
1422,Negative
1423,Negative
1424,Neutral
1425,Neutral
1426,Neutral
1427,Negative
1428,Neutral
1429,Negative
1430,Negative
1431,Negative
1432,Negative
1433,Negative
1434,Negative
1435,Neutral
1436,Negative
1437,Neutral
1438,Neutral
1439,Negative
1440,Neutral
1441,Negative
1442,Negative
1443,Neutral
1444,Negative
1445,Negative
1446,Neutral
1447,Negative
1448,Negative
1449,Neutral
1450,Negative
1451,Neutral
1452,Negative
1453,Negative
1454,Negative
1455,Neutral
1456,Negative
1457,Neutral
1458,Negative
1459,Negative
1460,Negative
1461,Negative
1462,Negative
1463,Negative
1464,Negative
1465,Neutral
1466,Neutral
1467,Negative
1468,Neutral
1469,Negative
1470,Negative
1471,Neutral
1472,Negative
1473,Negative
1474,Negative
1475,Negative
1476,Negative
1477,Positive
1478,Negative
1479,Negative
1480,Negative
1481,Negative
1482,Neutral
1483,Neutral
1484,Negative
1485,Negative
1486,Negative
1487,Negative
1488,Neutral
1490,Negative
1491,Negative
1492,Negative
1493,Neutral
1494,Negative
1495,Neutral
1496,Negative
1497,Negative
1498,Neutral
1499,Negative
1500,Negative
1501,Negative
1502,Negative
1503,Negative
1504,Neutral
1505,Negative
1506,Neutral
1507,Neutral
1508,Neutral
1509,Positive
1510,Neutral
1511,Negative
1512,Neutral
1513,Negative
1514,Negative
1515,Neutral
1516,Neutral
1517,Negative
1518,Neutral
1519,Negative
1520,Negative
1521,Negative
1522,Negative
1523,Negative
1524,Neutral
1525,Neutral
1526,Neutral
1527,Negative
1528,Negative
1529,Neutral
1530,Negative
1531,Negative
1532,Negative
1533,Negative
1534,Negative
1535,Negative
1536,Negative
1537,Neutral
1538,Neutral
1539,Negative
1541,Negative
1542,Neutral
1543,Neutral
1544,Negative
1545,Negative
1546,Negative
1548,Neutral
1549,Negative
1550,Neutral
1552,Neutral
1553,Negative
1554,Negative
1555,Negative
1556,Negative
1559,Negative
1560,Neutral
1561,Neutral
1562,Negative
1563,Negative
1564,Negative
1565,Negative
1566,Negative
1567,Neutral
1568,Negative
1569,Negative
1570,Negative
1571,Neutral
1572,Negative
1573,Negative
1574,Negative
1575,Negative
1576,Negative
1577,Negative
1578,Neutral
1579,Negative
1580,Negative
1581,Negative
1582,Negative
1583,Neutral
1584,Negative
1585,Negative
1586,Neutral
1587,Neutral
1588,Negative
1589,Negative
1590,Negative
1591,Negative
1592,Negative
1593,Negative
1594,Negative
1595,Neutral
1596,Negative
1597,Negative
1598,Negative
1599,Negative
1600,Neutral
1601,Negative
1602,Neutral
1603,Negative
1604,Neutral
1606,Negative
1607,Neutral
1608,Negative
1609,Neutral
1610,Neutral
1611,Negative
1612,Neutral
1613,Neutral
1614,Negative
1615,Neutral
1616,Negative
1617,Neutral
1618,Negative
1619,Negative
1620,Negative
1621,Negative
1622,Negative
1623,Neutral
1626,Negative
1627,Neutral
1628,Neutral
1630,Negative
1631,Negative
1632,Negative
1633,Negative
1634,Neutral
1635,Negative
1636,Negative
1637,Negative
1638,Negative
1639,Neutral
1640,Neutral
1642,Negative
1643,Negative
1644,Positive
1645,Negative
1646,Negative
1647,Negative
1648,Neutral
1650,Neutral
1651,Negative
1652,Negative
1653,Negative
1655,Neutral
1656,Negative
1657,Negative
1658,Neutral
1659,Negative
1660,Negative
1661,Negative
1663,Negative
1664,Neutral
1665,Positive
1666,Neutral
1667,Negative
1668,Neutral
1669,Negative
1670,Neutral
1671,Neutral
1672,Neutral
1673,Negative
1674,Negative
1675,Neutral
1676,Neutral
1677,Neutral
1678,Negative
1679,Negative
1680,Negative
1681,Negative
1682,Positive
1684,Negative
1685,Neutral
1686,Positive
1687,Negative
1688,Negative
1689,Neutral
1690,Neutral
1691,Neutral
1692,Negative
1693,Neutral
1694,Negative
1695,Negative
1696,Neutral
1697,Negative
1698,Negative
1699,Negative
1700,Negative
1701,Negative
1702,Negative
1703,Negative
1704,Neutral
1705,Neutral
1706,Neutral
1707,Neutral
1708,Negative
1709,Neutral
1710,Negative
1711,Negative
1712,Neutral
1713,Negative
1714,Negative
1715,Neutral
1716,Negative
1717,Negative
1718,Negative
1720,Neutral
1721,Neutral
1722,Negative
1723,Negative
1725,Neutral
1726,Negative
1727,Negative
1728,Neutral
1729,Negative
1730,Negative
1733,Negative
1735,Negative
1736,Negative
1737,Neutral
1739,Neutral
1741,Negative
1742,Negative
1746,Negative
1747,Negative
1748,Negative
1749,Negative
1750,Neutral
1751,Neutral
1752,Negative
1753,Negative
1754,Neutral
1755,Neutral
1756,Neutral
1758,Neutral
1759,Neutral
1760,Neutral
1761,Negative
1762,Neutral
1763,Neutral
1766,Negative
1768,Negative
1769,Negative
1770,Neutral
1771,Negative
1773,Neutral
1774,Negative
1776,Negative
1777,Negative
1778,Neutral
1779,Neutral
1780,Neutral
1781,Negative
1786,Neutral
1789,Neutral
1791,Neutral
1793,Neutral
1794,Neutral
1795,Neutral
1796,Negative
1797,Neutral
1798,Neutral
1799,Negative
1800,Negative
1801,Negative
1802,Neutral
1803,Neutral
1804,Neutral
1805,Neutral
1806,Negative
1807,Neutral
1808,Neutral
1809,Neutral
1810,Negative
1811,Neutral
1812,Neutral
1813,Neutral
1815,Negative
1816,Neutral
1817,Neutral
1818,Neutral
1820,Negative
1821,Neutral
1822,Negative
1823,Neutral
1824,Negative
1825,Neutral
1826,Neutral
1827,Negative
1828,Negative
1829,Neutral
1830,Negative
1831,Negative
1832,Negative
1833,Neutral
1834,Neutral
1835,Neutral
1836,Neutral
1837,Negative
1839,Neutral
1840,Negative
1841,Neutral
1842,Negative
1843,Negative
1844,Neutral
1845,Neutral
1846,Neutral
1847,Neutral
1848,Negative
1849,Neutral
1850,Negative
1851,Negative
1853,Neutral
1854,Negative
1855,Negative
1856,Negative
1857,Neutral
1858,Neutral
1859,Neutral
1860,Neutral
1861,Negative
1862,Negative
1863,Negative
1865,Neutral
1866,Neutral
1867,Negative
1868,Neutral
1869,Negative
1870,Negative
1871,Neutral
1872,Neutral
1873,Negative
1874,Neutral
1875,Negative
1876,Neutral
1877,Neutral
1878,Negative
1879,Negative
1880,Negative
1882,Negative
1883,Neutral
1884,Negative
1885,Negative
1886,Neutral
1887,Negative
1888,Neutral
1889,Neutral
1890,Neutral
1891,Neutral
1892,Neutral
1893,Neutral
1894,Negative
1895,Negative
1896,Neutral
1897,Negative
1898,Neutral
1899,Neutral
1900,Negative
1901,Negative
1902,Neutral
1903,Negative
1904,Neutral
1905,Neutral
1906,Neutral
1907,Neutral
1908,Negative
1909,Neutral
1910,Neutral
1911,Neutral
1912,Neutral
1913,Negative
1915,Negative
1916,Neutral
1917,Negative
1918,Negative
1919,Negative
1920,Neutral
1922,Negative
1923,Neutral
1924,Neutral
1925,Neutral
1926,Neutral
1927,Negative
1928,Neutral
1929,Neutral
1930,Neutral
1931,Neutral
1932,Neutral
1933,Negative
1934,Negative
1935,Neutral
1936,Negative
1937,Neutral
1938,Negative
1939,Neutral
1940,Neutral
1942,Negative
1943,Negative
1944,Negative
1945,Negative
1946,Neutral
1947,Negative
1948,Negative
1949,Neutral
1950,Neutral
1951,Negative
1952,Negative
1953,Neutral
1955,Negative
1956,Neutral
1957,Neutral
1958,Neutral
1959,Negative
1960,Negative
1961,Neutral
1962,Negative
1963,Negative
1964,Negative
1965,Negative
1966,Negative
1967,Neutral
1969,Neutral
1970,Neutral
1971,Neutral
1972,Neutral
1973,Neutral
1974,Neutral
1975,Negative
1976,Negative
1977,Negative
1979,Negative
1980,Neutral
1981,Negative
1982,Neutral
1983,Neutral
1984,Neutral
1985,Negative
1986,Neutral
1987,Negative
1988,Negative
1989,Neutral
1990,Neutral
1991,Neutral
1992,Negative
1993,Neutral
1994,Negative
1995,Negative
1996,Negative
1997,Negative
1998,Negative
1999,Negative
2000,Negative
2002,Neutral
2003,Negative
2004,Neutral
2005,Neutral
2006,Neutral
2007,Neutral
2008,Negative
2009,Negative
2010,Neutral
2011,Neutral
2012,Neutral
2013,Negative
2014,Neutral
2015,Negative
2016,Negative
2017,Neutral
2018,Neutral
2019,Neutral
2020,Negative
2021,Negative
2022,Neutral
2023,Negative
2024,Negative
2025,Neutral
2026,Neutral
2027,Neutral
2028,Negative
2029,Negative
2030,Neutral
2031,Negative
2032,Neutral
2033,Negative
2035,Negative
2036,Neutral
2037,Neutral
2038,Negative
2039,Neutral
2040,Positive
2041,Neutral
2042,Negative
2043,Neutral
2044,Neutral
2045,Neutral
2046,Neutral
2047,Negative
2048,Neutral
2049,Neutral
2050,Negative
2051,Neutral
2052,Negative
2053,Negative
2054,Negative
2055,Neutral
2056,Negative
2057,Negative
2058,Negative
2059,Negative
2060,Neutral
2061,Neutral
2062,Neutral
2063,Neutral
2064,Negative
2065,Neutral
2066,Neutral
2067,Neutral
2068,Neutral
2069,Neutral
2070,Negative
2071,Neutral
2072,Negative
2073,Neutral
2074,Neutral
2075,Negative
2076,Negative
2077,Neutral
2078,Negative
2079,Negative
2080,Neutral
2081,Negative
2083,Negative
2084,Negative
2085,Neutral
2086,Negative
2087,Neutral
2088,Neutral
2089,Neutral
2090,Negative
2091,Neutral
2092,Neutral
2093,Negative
2094,Negative
2095,Neutral
2096,Negative
2097,Negative
2098,Neutral
2099,Negative
2100,Negative
2102,Neutral
2103,Negative
2104,Neutral
2105,Negative
2106,Neutral
2107,Negative
2108,Neutral
2109,Negative
2110,Neutral
2111,Neutral
2112,Neutral
2113,Negative
2114,Negative
2115,Neutral
2116,Negative
2117,Negative
2118,Negative
2119,Neutral
2120,Neutral
2121,Neutral
2122,Neutral
2123,Negative
2124,Neutral
2125,Neutral
2126,Neutral
2127,Neutral
2128,Neutral
2129,Neutral
2130,Neutral
2131,Neutral
2132,Neutral
2133,Neutral
2134,Neutral
2135,Negative
2136,Negative
2137,Neutral
2138,Negative
2139,Neutral
2140,Negative
2141,Negative
2143,Neutral
2144,Neutral
2145,Negative
2146,Negative
2147,Negative
2148,Neutral
2149,Neutral
2150,Neutral
2151,Neutral
2152,Neutral
2153,Neutral
2154,Neutral
2155,Neutral
2156,Neutral
2157,Neutral
2158,Negative
2159,Negative
2160,Negative
2161,Neutral
2162,Negative
2163,Neutral
2164,Negative
2165,Neutral
2166,Negative
2167,Neutral
2168,Neutral
2169,Neutral
2170,Neutral
2171,Neutral
2172,Negative
2173,Negative
2174,Negative
2175,Neutral
2176,Neutral
2177,Negative
2178,Negative
2179,Negative
2180,Neutral
2181,Neutral
2183,Neutral
2184,Neutral
2185,Neutral
2186,Negative
2187,Neutral
2188,Neutral
2189,Negative
2190,Neutral
2191,Negative
2192,Neutral
2193,Neutral
2194,Neutral
2195,Negative
2196,Neutral
2197,Neutral
2198,Neutral
2199,Negative
2200,Neutral
2201,Neutral
2202,Negative
2203,Negative
2204,Neutral
2205,Neutral
2206,Neutral
2207,Neutral
2208,Neutral
2209,Neutral
2210,Neutral
2211,Neutral
2212,Negative
2213,Neutral
2214,Neutral
2215,Neutral
2216,Neutral
2217,Neutral
2218,Neutral
2219,Neutral
2220,Neutral
2221,Neutral
2222,Negative
2223,Negative
2224,Negative
2225,Neutral
2226,Neutral
2227,Negative
2228,Negative
2229,Negative
2230,Negative
2231,Neutral
2232,Negative
2233,Neutral
2234,Negative
2235,Neutral
2236,Negative
2237,Negative
2238,Neutral
2239,Negative
2240,Neutral
2241,Neutral
2242,Neutral
2243,Neutral
2244,Negative
2245,Negative
2246,Negative
2247,Neutral
2248,Neutral
2249,Neutral
2250,Negative
2251,Neutral
2252,Neutral
2253,Negative
2254,Neutral
2255,Negative
2256,Negative
2257,Neutral
2258,Negative
2259,Negative
2260,Neutral
2261,Neutral
2262,Neutral
2263,Negative
2264,Negative
2265,Neutral
2266,Neutral
2267,Neutral
2268,Neutral
2269,Neutral
2270,Negative
2271,Negative
2272,Negative
2273,Negative
2274,Negative
2275,Neutral
2276,Neutral
2277,Neutral
2278,Negative
2279,Negative
2281,Neutral
2282,Neutral
2283,Neutral
2284,Neutral
2285,Negative
2286,Neutral
2288,Neutral
2289,Negative
2290,Negative
2291,Negative
2292,Negative
2293,Neutral
2294,Negative
2295,Negative
2296,Neutral
2297,Negative
2298,Negative
2299,Negative
2300,Negative
2301,Negative
2302,Neutral
2303,Negative
2304,Negative
2305,Negative
2306,Neutral
2307,Negative
2308,Negative
2310,Negative
2311,Neutral
2312,Negative
2313,Neutral
2314,Negative
2315,Negative
2316,Negative
2317,Neutral
2318,Negative
2319,Neutral
2320,Neutral
2321,Negative
2322,Negative
2323,Neutral
2324,Negative
2325,Negative
2326,Negative
2328,Neutral
2329,Negative
2330,Negative
2331,Negative
2332,Neutral
2333,Neutral
2334,Neutral
2335,Neutral
2336,Neutral
2337,Negative
2338,Negative
2339,Positive
2340,Neutral
2341,Neutral
2342,Negative
2343,Neutral
2344,Negative
2345,Neutral
2346,Negative
2347,Neutral
2348,Neutral
2349,Negative
2350,Negative
2351,Neutral
2352,Negative
2353,Negative
2354,Neutral
2355,Negative
2356,Negative
2357,Negative
2358,Negative
2359,Negative
2360,Neutral
2361,Negative
2362,Negative
2363,Neutral
2364,Negative
2365,Negative
2366,Positive
2367,Negative
2368,Neutral
2369,Neutral
2370,Negative
2371,Negative
2372,Negative
2373,Negative
2374,Neutral
2375,Neutral
2376,Neutral
2377,Negative
2378,Neutral
2379,Negative
2380,Negative
2381,Positive
2382,Neutral
2383,Neutral
2384,Negative
2385,Neutral
2386,Negative
2387,Neutral
2388,Negative
2389,Negative
2390,Positive
2391,Neutral
2392,Negative
2393,Negative
2394,Neutral
2395,Neutral
2396,Neutral
2397,Negative
2398,Neutral
2399,Neutral
2400,Negative
2401,Neutral
2402,Negative
2403,Neutral
2404,Negative
2405,Neutral
2406,Neutral
2407,Neutral
2408,Neutral
2409,Negative
2410,Neutral
2411,Negative
2412,Negative
2413,Negative
2414,Negative
2415,Neutral
2416,Negative
2417,Negative
2418,Negative
2419,Positive
2420,Negative
2421,Negative
2422,Neutral
2423,Neutral
2424,Neutral
2425,Negative
2426,Neutral
2427,Negative
2428,Negative
2429,Negative
2430,Neutral
2431,Negative
2432,Negative
2433,Neutral
2434,Negative
2435,Negative
2436,Neutral
2437,Neutral
2438,Neutral
2439,Neutral
2440,Negative
2441,Neutral
2442,Neutral
2443,Neutral
2444,Positive
2446,Negative
2447,Neutral
2448,Neutral
2449,Negative
2450,Neutral
2451,Negative
2452,Neutral
2453,Neutral
2454,Negative
2455,Neutral
2456,Negative
2457,Negative
2458,Negative
2459,Negative
2460,Negative
2461,Negative
2462,Negative
2463,Neutral
2464,Neutral
2465,Neutral
2466,Negative
2467,Neutral
2468,Neutral
2470,Neutral
2471,Neutral
2472,Positive
2473,Neutral
2474,Neutral
2475,Negative
2476,Neutral
2477,Negative
2478,Neutral
2479,Negative
2480,Negative
2481,Positive
2482,Neutral
2483,Negative
2484,Negative
2485,Negative
2486,Neutral
2487,Negative
2488,Negative
2489,Negative
2490,Negative
2491,Neutral
2492,Neutral
2493,Negative
2494,Negative
2495,Neutral
2496,Neutral
2497,Neutral
2498,Neutral
2499,Neutral
2500,Negative
2501,Negative
2502,Negative
2503,Negative
2504,Negative
2505,Negative
2506,Neutral
2507,Neutral
2508,Neutral
2509,Negative
2510,Negative
2511,Neutral
2512,Neutral
2513,Neutral
2514,Negative
2515,Neutral
2516,Negative
2517,Neutral
2518,Neutral
2519,Neutral
2520,Neutral
2521,Neutral
2522,Negative
2523,Neutral
2524,Negative
2525,Negative
2526,Negative
2527,Neutral
2528,Negative
2529,Negative
2530,Neutral
2531,Neutral
2532,Neutral
2533,Negative
2534,Negative
2535,Negative
2536,Negative
2537,Negative
2538,Neutral
2539,Negative
2540,Negative
2541,Positive
2542,Neutral
2543,Neutral
2544,Negative
2545,Negative
2546,Negative
2547,Negative
2548,Neutral
2549,Neutral
2550,Neutral
2551,Negative
2552,Neutral
2553,Negative
2554,Negative
2555,Neutral
2556,Neutral
2557,Neutral
2558,Negative
2559,Positive
2560,Neutral
2561,Neutral
2562,Neutral
2563,Neutral
2564,Neutral
2565,Positive
2566,Neutral
2567,Negative
2568,Neutral
2569,Negative
2570,Neutral
2571,Negative
2572,Neutral
2573,Positive
2574,Neutral
2575,Neutral
2576,Neutral
2577,Neutral
2578,Neutral
2579,Negative
2580,Negative
2581,Negative
2582,Negative
2583,Negative
2584,Negative
2585,Negative
2586,Neutral
2587,Negative
2588,Neutral
2589,Negative
2590,Neutral
2591,Negative
2592,Neutral
2594,Negative
2595,Neutral
2596,Negative
2597,Positive
2598,Neutral
2599,Neutral
2600,Neutral
2601,Negative
2602,Neutral
2603,Neutral
2604,Neutral
2605,Negative
2606,Neutral
2607,Negative
2608,Negative
2609,Neutral
2610,Neutral
2611,Neutral
2612,Neutral
2613,Neutral
2614,Negative
2615,Neutral
2616,Negative
2617,Neutral
2618,Negative
2619,Neutral
2620,Negative
2621,Negative
2622,Negative
2623,Neutral
2624,Negative
2625,Negative
2626,Negative
2627,Negative
2628,Neutral
2629,Neutral
2630,Negative
2631,Negative
2632,Neutral
2633,Negative
2634,Negative
2635,Neutral
2636,Neutral
2637,Neutral
2640,Negative
2641,Neutral
2642,Neutral
2643,Neutral
2644,Neutral
2645,Negative
2646,Negative
2647,Negative
2648,Neutral
2649,Neutral
2650,Neutral
2651,Neutral
2652,Neutral
2653,Negative
2654,Negative
2655,Neutral
2656,Negative
2657,Neutral
2658,Negative
2659,Negative
2660,Negative
2661,Neutral
2662,Negative
2663,Neutral
2664,Negative
2665,Neutral
2666,Negative
2667,Neutral
2668,Negative
2669,Neutral
2670,Neutral
2671,Neutral
2672,Neutral
2673,Negative
2675,Neutral
2676,Positive
2677,Neutral
2678,Neutral
2679,Negative
2680,Negative
2681,Neutral
2682,Neutral
2683,Neutral
2684,Negative
2685,Negative
2686,Negative
2687,Negative
2688,Neutral
2689,Neutral
2690,Negative
2691,Neutral
2692,Neutral
2693,Neutral
2694,Negative
2695,Negative
2696,Negative
2697,Neutral
2698,Neutral
2699,Positive
2700,Neutral
2701,Negative
2702,Neutral
2703,Neutral
2704,Negative
2705,Negative
2706,Positive
2707,Negative
2708,Negative
2710,Negative
2711,Neutral
2712,Neutral
2713,Neutral
2714,Negative
2715,Neutral
2716,Negative
2717,Negative
2718,Negative
2719,Neutral
2720,Neutral
2721,Neutral
2722,Neutral
2723,Neutral
2724,Negative
2725,Negative
2726,Neutral
2727,Neutral
2728,Negative
2729,Neutral
2730,Neutral
2731,Neutral
2732,Negative
2733,Negative
2734,Neutral
2735,Negative
2736,Negative
2737,Negative
2738,Negative
2739,Neutral
2740,Negative
2741,Positive
2742,Neutral
2743,Negative
2744,Neutral
2745,Neutral
2746,Negative
2747,Neutral
2748,Neutral
2749,Neutral
2751,Neutral
2752,Negative
2753,Negative
2754,Neutral
2755,Neutral
2756,Neutral
2757,Neutral
2758,Negative
2759,Negative
2760,Neutral
2761,Negative
2762,Negative
2763,Negative
2764,Neutral
2766,Negative
2767,Negative
2768,Negative
2769,Neutral
2770,Neutral
2771,Negative
2772,Negative
2773,Negative
2774,Negative
2775,Negative
2776,Negative
2777,Negative
2778,Neutral
2779,Negative
2780,Neutral
2781,Neutral
2782,Negative
2783,Negative
2784,Neutral
2785,Neutral
2786,Negative
2787,Negative
2788,Neutral
2789,Negative
2790,Negative
2791,Negative
2792,Neutral
2793,Neutral
2794,Negative
2795,Negative
2796,Negative
2797,Neutral
2798,Negative
2799,Negative
2800,Neutral
2801,Neutral
2802,Negative
2803,Negative
2804,Neutral
2805,Negative
2806,Negative
2807,Neutral
2808,Neutral
2809,Negative
2810,Negative
2811,Neutral
2812,Negative
2813,Negative
2814,Neutral
2815,Neutral
2816,Neutral
2817,Neutral
2818,Neutral
2819,Negative
2820,Negative
2821,Negative
2822,Negative
2823,Neutral
2824,Negative
2825,Negative
2826,Negative
2827,Neutral
2828,Neutral
2829,Neutral
2830,Negative
2831,Negative
2832,Negative
2833,Neutral
2834,Neutral
2835,Negative
2836,Negative
2837,Negative
2838,Neutral
2840,Neutral
2841,Negative
2842,Neutral
2843,Negative
2844,Negative
2845,Neutral
2846,Negative
2847,Neutral
2848,Negative
2849,Negative
2850,Neutral
2851,Neutral
2852,Negative
2853,Negative
2854,Negative
2855,Negative
2856,Negative
2857,Neutral
2858,Negative
2859,Negative
2860,Neutral
2861,Negative
2862,Negative
2863,Neutral
2864,Negative
2865,Negative
2866,Neutral
2867,Negative
2868,Neutral
2869,Neutral
2870,Neutral
2871,Negative
2872,Neutral
2873,Neutral
2874,Negative
2875,Neutral
2876,Neutral
2877,Negative
2878,Negative
2879,Neutral
2880,Negative
2881,Negative
2882,Neutral
2883,Neutral
2884,Neutral
2885,Neutral
2886,Negative
2887,Neutral
2888,Neutral
2889,Neutral
2890,Neutral
2891,Neutral
2892,Neutral
2893,Neutral
2894,Neutral
2895,Negative
2896,Neutral
2897,Neutral
2898,Negative
2899,Negative
2900,Neutral
2901,Negative
2902,Neutral
2903,Neutral
2904,Neutral
2905,Negative
2906,Neutral
2907,Neutral
2908,Negative
2909,Neutral
2910,Neutral
2911,Neutral
2912,Negative
2913,Neutral
2914,Neutral
2915,Negative
2916,Neutral
2917,Neutral
2918,Neutral
2919,Negative
2920,Negative
2921,Negative
2922,Neutral
2923,Negative
2924,Neutral
2925,Neutral
2926,Neutral
2927,Negative
2928,Neutral
2929,Negative
2930,Neutral
2931,Negative
2932,Negative
2933,Negative
2934,Negative
2935,Neutral
2936,Neutral
2937,Neutral
2938,Neutral
2939,Neutral
2940,Positive
2941,Neutral
2942,Negative
2943,Negative
2944,Neutral
2945,Neutral
2946,Neutral
2947,Negative
2948,Negative
2949,Negative
2950,Neutral
2951,Neutral
2952,Negative
2953,Negative
2954,Negative
2955,Negative
2956,Neutral
2957,Negative
2958,Negative
2960,Negative
2961,Negative
2963,Negative
2964,Neutral
2965,Negative
2966,Neutral
2968,Negative
2969,Neutral
2970,Neutral
2971,Negative
2972,Negative
2973,Negative
2975,Negative
2977,Neutral
2980,Negative
2981,Negative
2983,Negative
2986,Negative
2988,Neutral
2990,Negative
2995,Neutral
2996,Neutral
3005,Negative
3007,Neutral
3008,Negative
3009,Neutral
3011,Negative
3012,Negative
3020,Negative
3029,Negative
3030,Neutral
3031,Negative
3034,Negative
3038,Neutral
3044,Negative
3049,Neutral
3071,Neutral
3077,Neutral
3082,Negative
3090,Negative
3111,Neutral
3155,Neutral
3159,Negative
3190,Neutral
3198,Negative
3226,Neutral
3237,Negative
3277,Negative
3326,Negative
3329,Neutral
3334,Negative
3357,Neutral
3358,Negative
3359,Neutral
3360,Negative
3361,Negative
3362,Negative
3363,Neutral
3364,Neutral
3365,Neutral
3366,Neutral
3367,Neutral
3368,Neutral
3369,Neutral
3370,Neutral
3371,Neutral
3372,Neutral
3373,Neutral
3374,Neutral
3375,Neutral
3376,Neutral
3377,Neutral
3378,Neutral
3379,Negative
3380,Negative
3381,Neutral
3382,Positive
3383,Neutral
3384,Neutral
3385,Neutral
3386,Negative
3387,Neutral
3388,Negative
3390,Neutral
3391,Positive
3392,Negative
3393,Neutral
3394,Neutral
3395,Neutral
3396,Negative
3397,Neutral
3398,Negative
3399,Neutral
3400,Neutral
3401,Neutral
3402,Neutral
3403,Neutral
3404,Neutral
3405,Neutral
3406,Negative
3407,Negative
3408,Neutral
3409,Neutral
3410,Neutral
3411,Neutral
3413,Negative
3414,Negative
3415,Neutral
3416,Neutral
3417,Neutral
3418,Negative
3419,Neutral
3420,Neutral
3421,Negative
3422,Neutral
3424,Neutral
3425,Neutral
3426,Neutral
3427,Negative
3428,Neutral
3429,Neutral
3430,Negative
3431,Negative
3432,Neutral
3433,Neutral
3434,Neutral
3435,Neutral
3436,Neutral
3437,Neutral
3438,Negative
3439,Neutral
3440,Negative
3441,Neutral
3442,Neutral
3443,Negative
3444,Neutral
3445,Negative
3446,Neutral
3447,Neutral
3448,Neutral
3449,Negative
3450,Neutral
3451,Neutral
3452,Negative
3453,Negative
3454,Neutral
3455,Negative
3457,Negative
3458,Negative
3459,Neutral
3460,Negative
3461,Negative
3462,Negative
3463,Neutral
3464,Neutral
3465,Negative
3466,Negative
3467,Neutral
3468,Neutral
3469,Negative
3470,Negative
3471,Neutral
3472,Neutral
3473,Neutral
3474,Neutral
3475,Neutral
3476,Negative
3477,Neutral
3478,Negative
3479,Negative
3480,Neutral
3481,Negative
3482,Neutral
3483,Negative
3484,Neutral
3485,Neutral
3486,Neutral
3487,Neutral
3488,Negative
3489,Neutral
3490,Negative
3491,Neutral
3492,Negative
3493,Negative
3494,Neutral
3495,Neutral
3496,Neutral
3497,Neutral
3498,Neutral
3499,Neutral
3500,Neutral
3501,Neutral
3502,Neutral
3503,Neutral
3504,Neutral
3505,Neutral
3506,Neutral
3507,Negative
3508,Negative
3509,Negative
3510,Neutral
3511,Neutral
3512,Negative
3513,Negative
3514,Neutral
3515,Neutral
3516,Negative
3517,Positive
3518,Neutral
3519,Neutral
3520,Neutral
3521,Neutral
3522,Negative
3523,Negative
3524,Neutral
3526,Neutral
3527,Neutral
3528,Negative
3529,Negative
3530,Negative
3531,Neutral
3532,Neutral
3533,Neutral
3534,Negative
3535,Negative
3536,Neutral
3537,Neutral
3538,Neutral
3539,Negative
3540,Negative
3541,Negative
3542,Neutral
3543,Negative
3544,Negative
3545,Negative
3546,Negative
3547,Neutral
3548,Neutral
3549,Negative
3550,Negative
3552,Neutral
3553,Negative
3554,Neutral
3555,Neutral
3556,Neutral
3557,Neutral
3558,Negative
3559,Neutral
3560,Neutral
3561,Negative
3562,Negative
3563,Neutral
3564,Neutral
3565,Neutral
3566,Negative
3567,Neutral
3568,Neutral
3569,Neutral
3570,Neutral
3571,Negative
3572,Negative
3573,Neutral
3574,Negative
3575,Negative
3576,Neutral
3577,Neutral
3578,Negative
3579,Neutral
3580,Neutral
3581,Negative
3582,Neutral
3583,Negative
3584,Negative
3585,Neutral
3586,Neutral
3588,Neutral
3589,Neutral
3590,Negative
3591,Neutral
3592,Negative
3593,Negative
3594,Neutral
3595,Negative
3596,Neutral
3597,Negative
3598,Neutral
3599,Neutral
3600,Neutral
3601,Neutral
3602,Neutral
3603,Neutral
3604,Negative
3605,Neutral
3606,Negative
3607,Neutral
3608,Negative
3609,Negative
3611,Neutral
3612,Negative
3613,Negative
3614,Negative
3615,Neutral
3616,Negative
3617,Neutral
3618,Neutral
3619,Neutral
3621,Neutral
3622,Negative
3623,Neutral
3624,Neutral
3625,Neutral
3626,Neutral
3627,Negative
3628,Negative
3629,Negative
3630,Neutral
3631,Neutral
3632,Negative
3633,Negative
3634,Neutral
3635,Negative
3636,Negative
3637,Negative
3638,Neutral
3639,Neutral
3640,Neutral
3641,Negative
3642,Neutral
3643,Neutral
3644,Neutral
3645,Neutral
3646,Neutral
3647,Negative
3648,Neutral
3649,Neutral
3650,Negative
3651,Negative
3652,Negative
3653,Neutral
3654,Neutral
3655,Neutral
3656,Neutral
3657,Negative
3658,Neutral
3659,Negative
3660,Negative
3661,Neutral
3662,Negative
3663,Negative
3664,Neutral
3665,Negative
3666,Neutral
3667,Neutral
3668,Negative
3669,Neutral
3670,Neutral
3671,Negative
3672,Negative
3673,Negative
3674,Negative
3675,Negative
3678,Negative
3683,Negative
3687,Negative
3695,Neutral
3884,Neutral
3885,Neutral
3886,Neutral
3887,Neutral
3888,Neutral
3889,Neutral
3890,Neutral
3891,Negative
3892,Negative
3893,Negative
3894,Negative
3895,Negative
3896,Negative
3897,Neutral
3898,Neutral
3899,Negative
3900,Neutral
3901,Neutral
3902,Negative
3903,Neutral
3904,Negative
3905,Negative
3906,Negative
3907,Negative
3908,Negative
3909,Neutral
3910,Negative
3911,Neutral
3912,Negative
3913,Negative
3914,Negative
3915,Neutral
3916,Negative
3917,Neutral
3918,Neutral
3919,Negative
3920,Neutral
3921,Negative
3922,Neutral
3923,Neutral
3924,Negative
3925,Negative
3926,Neutral
3927,Negative
3928,Negative
3929,Neutral
3930,Negative
3931,Neutral
3932,Negative
3933,Neutral
3934,Neutral
3935,Negative
3936,Negative
3937,Neutral
3938,Negative
3939,Negative
3940,Negative
3941,Neutral
3942,Negative
3943,Neutral
3944,Negative
3945,Negative
3946,Negative
3947,Neutral
3948,Neutral
3949,Neutral
3950,Negative
3951,Neutral
3952,Neutral
3953,Negative
3954,Negative
3955,Neutral
3956,Negative
3957,Negative
3958,Negative
3959,Neutral
3960,Neutral
3961,Neutral
3962,Negative
3963,Negative
3964,Negative
3965,Neutral
3966,Neutral
3967,Negative
3968,Neutral
3969,Negative
3970,Neutral
3971,Neutral
3972,Neutral
3973,Positive
3974,Negative
3975,Neutral
3976,Neutral
3977,Neutral
3978,Neutral
3979,Negative
3980,Neutral
3981,Negative
3982,Negative
3983,Neutral
3984,Neutral
3985,Neutral
3986,Neutral
3987,Neutral
3988,Negative
3989,Neutral
3990,Negative
3991,Neutral
3992,Neutral
3993,Positive
3994,Negative
3995,Neutral
3996,Neutral
3997,Neutral
3998,Neutral
3999,Negative
4000,Negative
4001,Negative
4002,Neutral
4003,Neutral
4004,Negative
4005,Neutral
4006,Negative
4007,Neutral
4008,Negative
4009,Neutral
4010,Positive
4011,Neutral
4012,Negative
4013,Negative
4014,Neutral
4015,Negative
4016,Negative
4017,Neutral
4018,Neutral
4019,Neutral
4020,Neutral
4021,Neutral
4022,Negative
4023,Neutral
4024,Negative
4025,Neutral
4026,Negative
4027,Negative
4028,Negative
4029,Neutral
4030,Neutral
4031,Negative
4032,Negative
4033,Neutral
4034,Negative
4035,Negative
4036,Neutral
4037,Negative
4038,Neutral
4039,Neutral
4040,Negative
4041,Negative
4042,Neutral
4043,Neutral
4044,Negative
4045,Negative
4046,Negative
4047,Negative
4048,Neutral
4049,Neutral
4050,Neutral
4051,Negative
4052,Negative
4053,Negative
4054,Neutral
4055,Neutral
4056,Neutral
4057,Negative
4058,Negative
4059,Negative
4060,Neutral
4061,Negative
4062,Neutral
4063,Neutral
4064,Neutral
4065,Neutral
4066,Neutral
4067,Negative
4068,Neutral
4069,Neutral
4070,Negative
4071,Neutral
4072,Negative
4073,Neutral
4074,Negative
4075,Negative
4076,Negative
4077,Neutral
4078,Neutral
4079,Negative
4080,Neutral
4081,Negative
4082,Neutral
4083,Neutral
4086,Negative
4087,Neutral
4089,Negative
4091,Neutral
4092,Negative
4093,Negative
4095,Neutral
4097,Negative
4100,Neutral
4101,Negative
4103,Positive
4104,Neutral
4106,Positive
4109,Negative
4110,Negative
4112,Negative
4114,Neutral
4116,Negative
4117,Neutral
4118,Negative
4122,Neutral
4123,Neutral
4126,Negative
4127,Neutral
4128,Negative
4132,Negative
4133,Negative
4135,Negative
4138,Neutral
4140,Negative
4144,Negative
4145,Neutral
4146,Negative
4148,Negative
4149,Negative
4150,Negative
4151,Negative
4159,Negative
4161,Negative
4163,Negative
4165,Negative
4167,Negative
4170,Negative
4172,Negative
4176,Negative
4178,Neutral
4179,Negative
4181,Neutral
4182,Negative
4184,Negative
4185,Neutral
4190,Neutral
4193,Neutral
4194,Neutral
4196,Negative
4197,Neutral
4198,Negative
4199,Negative
4201,Neutral
4202,Neutral
4204,Negative
4206,Negative
4207,Negative
4208,Neutral
4209,Neutral
4211,Negative
4212,Negative
4213,Neutral
4214,Neutral
4215,Neutral
4217,Neutral
4219,Negative
4220,Negative
4221,Neutral
4222,Negative
4224,Negative
4228,Negative
4229,Negative
4230,Negative
4231,Neutral
4232,Neutral
4234,Negative
4235,Neutral
4236,Neutral
4237,Negative
4238,Negative
4240,Neutral
4242,Negative
4243,Neutral
4246,Negative
4249,Neutral
4250,Negative
4251,Neutral
4253,Negative
4254,Negative
4255,Negative
4256,Negative
4257,Negative
4260,Neutral
4261,Negative
4263,Negative
4265,Neutral
4266,Neutral
4269,Neutral
4271,Negative
4273,Negative
4277,Neutral
4278,Neutral
4279,Neutral
4281,Neutral
4284,Negative
4287,Negative
4288,Negative
4293,Negative
4294,Neutral
4295,Negative
4296,Negative
4297,Neutral
4298,Neutral
4303,Neutral
4304,Negative
4306,Neutral
4310,Negative
4311,Neutral
4312,Negative
4320,Neutral
4321,Neutral
4323,Negative
4328,Neutral
4333,Neutral
4334,Negative
4337,Negative
4338,Negative
4339,Negative
4343,Negative
4345,Negative
4350,Neutral
4351,Neutral
4352,Negative
4353,Neutral
4355,Negative
4361,Neutral
4363,Negative
4364,Negative
4366,Negative
4367,Neutral
4368,Negative
4370,Negative
4372,Negative
4373,Negative
4375,Positive
4376,Negative
4379,Negative
4383,Neutral
4384,Neutral
4385,Negative
4386,Neutral
4387,Negative
4389,Negative
4390,Neutral
4391,Negative
4392,Neutral
4393,Negative
4394,Negative
4395,Negative
4396,Negative
4397,Neutral
4398,Neutral
4399,Neutral
4400,Negative
4401,Neutral
4402,Neutral
4403,Neutral
4404,Negative
4405,Neutral
4406,Negative
4407,Negative
4408,Neutral
4409,Neutral
4410,Negative
4411,Negative
4412,Neutral
4413,Neutral
4416,Negative
4417,Negative
4419,Neutral
4420,Positive
4421,Negative
4422,Negative
4424,Negative
4427,Neutral
4428,Negative
4429,Negative
4430,Negative
4431,Negative
4432,Negative
4433,Neutral
4434,Neutral
4435,Negative
4436,Neutral
4437,Negative
4439,Negative
4440,Neutral
4441,Negative
4442,Neutral
4443,Negative
4445,Negative
4446,Neutral
4447,Negative
4448,Negative
4449,Negative
4450,Negative
4451,Neutral
4453,Neutral
4454,Neutral
4455,Negative
4456,Neutral
4457,Negative
4458,Negative
4459,Neutral
4460,Negative
4461,Negative
4462,Neutral
4463,Neutral
4464,Negative
4465,Negative
4466,Negative
4467,Neutral
4468,Negative
4469,Neutral
4470,Negative
4471,Negative
4473,Neutral
4474,Negative
4475,Negative
4476,Negative
4477,Neutral
4478,Negative
4479,Neutral
4480,Negative
4481,Negative
4482,Negative
4484,Neutral
4485,Negative
4486,Neutral
4487,Negative
4488,Neutral
4489,Negative
4490,Negative
4491,Negative
4492,Negative
4493,Negative
4494,Negative
4495,Negative
4496,Negative
4498,Neutral
4499,Negative
4500,Neutral
4501,Negative
4504,Neutral
4506,Neutral
4507,Neutral
4508,Negative
4509,Negative
4510,Negative
4511,Negative
4512,Negative
4513,Negative
4514,Negative
4515,Negative
4516,Neutral
4517,Neutral
4518,Negative
4519,Negative
4520,Negative
4521,Negative
4522,Negative
4523,Negative
4525,Negative
4526,Negative
4527,Negative
4528,Neutral
4529,Negative
4530,Negative
4531,Neutral
4532,Negative
4533,Neutral
4535,Negative
4537,Negative
4538,Negative
4539,Positive
4540,Neutral
4541,Negative
4542,Neutral
4543,Negative
4544,Negative
4545,Neutral
4547,Neutral
4548,Negative
4549,Neutral
4550,Negative
4551,Negative
4552,Neutral
4553,Negative
4554,Negative
4555,Negative
4556,Negative
4557,Negative
4558,Neutral
4559,Neutral
4560,Negative
4561,Negative
4562,Negative
4563,Neutral
4564,Negative
4565,Negative
4566,Positive
4567,Neutral
4568,Negative
4569,Negative
4570,Negative
4571,Negative
4572,Negative
4573,Neutral
4574,Positive
4575,Positive
4576,Neutral
4577,Negative
4578,Negative
4579,Negative
4580,Neutral
4581,Neutral
4582,Negative
4583,Negative
4584,Neutral
4585,Negative
4586,Neutral
4587,Negative
4588,Neutral
4589,Negative
4590,Negative
4591,Neutral
4593,Negative
4594,Neutral
4595,Neutral
4596,Neutral
4597,Negative
4598,Negative
4599,Neutral
4600,Negative
4601,Negative
4602,Neutral
4603,Neutral
4604,Negative
4605,Negative
4606,Negative
4607,Negative
4608,Negative
4609,Neutral
4610,Negative
4611,Neutral
4612,Neutral
4613,Negative
4614,Negative
4615,Negative
4616,Negative
4617,Neutral
4618,Neutral
4619,Negative
4620,Negative
4621,Negative
4622,Neutral
4623,Negative
4624,Negative
4625,Neutral
4626,Negative
4627,Negative
4628,Neutral
4629,Neutral
4630,Negative
4631,Neutral
4632,Negative
4633,Neutral
4634,Negative
4635,Neutral
4637,Negative
4638,Negative
4639,Neutral
4640,Neutral
4641,Neutral
4642,Negative
4643,Neutral
4644,Neutral
4645,Negative
4646,Negative
4647,Neutral
4648,Negative
4649,Neutral
4650,Neutral
4651,Negative
4652,Negative
4653,Negative
4654,Neutral
4656,Negative
4657,Negative
4658,Negative
4659,Negative
4660,Negative
4661,Negative
4662,Negative
4663,Negative
4664,Neutral
4665,Negative
4666,Negative
4667,Negative
4668,Negative
4669,Negative
4670,Neutral
4671,Negative
4672,Negative
4673,Neutral
4674,Neutral
4675,Neutral
4676,Neutral
4677,Negative
4678,Neutral
4679,Neutral
4680,Negative
4681,Positive
4682,Negative
4683,Neutral
4684,Negative
4685,Neutral
4686,Negative
4687,Negative
4688,Negative
4689,Negative
4690,Neutral
4691,Negative
4692,Negative
4693,Negative
4695,Negative
4696,Negative
4697,Negative
4698,Negative
4699,Neutral
4700,Negative
4701,Negative
4702,Negative
4703,Neutral
4704,Neutral
4705,Negative
4706,Negative
4707,Negative
4708,Negative
4709,Negative
4710,Neutral
4711,Neutral
4712,Neutral
4713,Negative
4714,Negative
4715,Negative
4716,Negative
4717,Neutral
4718,Neutral
4719,Neutral
4720,Neutral
4721,Neutral
4722,Negative
4723,Negative
4724,Negative
4725,Neutral
4726,Neutral
4727,Negative
4728,Negative
4729,Neutral
4730,Neutral
4731,Negative
4732,Negative
4733,Negative
4734,Neutral
4735,Negative
4736,Neutral
4737,Neutral
4739,Neutral
4740,Negative
4741,Neutral
4742,Neutral
4743,Negative
4747,Neutral
4748,Neutral
4749,Neutral
4750,Positive
4751,Neutral
4754,Neutral
4755,Negative
4756,Negative
4757,Negative
4758,Neutral
4760,Negative
4761,Neutral
4762,Neutral
4764,Negative
4765,Negative
4766,Neutral
4767,Neutral
4771,Negative
4772,Neutral
4773,Neutral
4774,Neutral
4775,Negative
4776,Neutral
4777,Negative
4778,Negative
4781,Neutral
4783,Negative
4785,Negative
4786,Negative
4788,Negative
4790,Negative
4791,Neutral
4793,Negative
4794,Negative
4795,Negative
4796,Negative
4797,Negative
4798,Negative
4802,Negative
4803,Neutral
4805,Neutral
4807,Negative
4808,Neutral
4810,Negative
4811,Neutral
4813,Negative
4814,Neutral
4815,Neutral
4816,Neutral
4817,Neutral
4819,Neutral
4820,Negative
4822,Negative
4823,Negative
4825,Neutral
4827,Negative
4828,Negative
4830,Negative
4832,Neutral
4835,Neutral
4839,Neutral
4843,Negative
4844,Neutral
4846,Negative
4848,Neutral
4850,Neutral
4852,Neutral
4854,Negative
4855,Negative
4856,Negative
4857,Negative
4859,Neutral
4860,Negative
4862,Neutral
4863,Neutral
4864,Negative
4865,Negative
4867,Negative
4868,Neutral
4871,Neutral
4873,Negative
4874,Neutral
4876,Negative
4877,Negative
4878,Negative
4880,Neutral
4882,Neutral
4884,Neutral
4885,Neutral
4886,Neutral
4887,Neutral
4889,Neutral
4890,Neutral
4895,Negative
4897,Negative
4900,Negative
4904,Neutral
4906,Neutral
4907,Negative
4908,Positive
4909,Negative
4910,Neutral
4911,Neutral
4912,Negative
4913,Negative
4914,Neutral
4915,Neutral
4916,Neutral
4917,Negative
4920,Neutral
4921,Negative
4923,Neutral
4924,Neutral
4925,Negative
4926,Neutral
4927,Negative
4928,Neutral
4929,Negative
4930,Neutral
4933,Neutral
4936,Negative
4937,Neutral
4940,Neutral
4942,Negative
4945,Neutral
4946,Negative
4947,Neutral
4949,Neutral
4950,Neutral
4954,Negative
4956,Negative
4957,Negative
4958,Negative
4959,Negative
4961,Neutral
4964,Neutral
4965,Neutral
4966,Negative
4967,Neutral
4969,Negative
4973,Negative
4974,Negative
4975,Neutral
4976,Negative
4977,Neutral
4978,Neutral
4979,Neutral
4980,Neutral
4981,Negative
4982,Negative
4984,Negative
4985,Neutral
4986,Negative
4987,Negative
4988,Neutral
4989,Neutral
4990,Neutral
4991,Neutral
4992,Neutral
4993,Negative
4994,Negative
4995,Neutral
4996,Negative
4997,Neutral
4998,Negative
4999,Neutral
5000,Negative
5001,Neutral
5002,Neutral
5004,Negative
5005,Neutral
5006,Neutral
5007,Negative
5008,Negative
5009,Neutral
5010,Neutral
5011,Neutral
5012,Neutral
5013,Neutral
5014,Neutral
5015,Negative
5016,Negative
5017,Negative
5018,Neutral
5019,Negative
5020,Neutral
5021,Neutral
5022,Neutral
5023,Neutral
5024,Neutral
5025,Neutral
5026,Neutral
5027,Negative
5028,Neutral
5029,Neutral
5030,Negative
5031,Neutral
5032,Negative
5033,Neutral
5035,Negative
5036,Neutral
5037,Negative
5039,Negative
5040,Negative
5041,Negative
5042,Neutral
5043,Negative
5044,Neutral
5045,Negative
5046,Neutral
5047,Neutral
5048,Negative
5049,Negative
5050,Neutral
5051,Neutral
5053,Negative
5054,Neutral
5055,Neutral
5056,Negative
5057,Negative
5058,Negative
5059,Negative
5060,Negative
5061,Negative
5062,Neutral
5063,Negative
5064,Negative
5065,Negative
5066,Neutral
5067,Negative
5068,Negative
5069,Neutral
5070,Negative
5071,Negative
5072,Neutral
5073,Negative
5074,Negative
5075,Negative
5076,Neutral
5077,Negative
5078,Negative
5079,Negative
5080,Neutral
5081,Negative
5083,Negative
5084,Negative
5085,Neutral
5086,Neutral
5087,Negative
5088,Negative
5089,Negative
5090,Negative
5091,Negative
5092,Negative
5093,Neutral
5094,Negative
5095,Neutral
5096,Neutral
5097,Negative
5098,Negative
5099,Neutral
5100,Negative
5101,Neutral
5102,Negative
5103,Negative
5104,Neutral
5105,Neutral
5106,Negative
5108,Negative
5109,Neutral
5110,Negative
5111,Neutral
5112,Negative
5113,Neutral
5114,Neutral
5115,Negative
5117,Negative
5118,Neutral
5119,Negative
5120,Neutral
5121,Neutral
5124,Negative
5125,Negative
5126,Negative
5127,Negative
5128,Negative
5129,Negative
5130,Negative
5131,Negative
5132,Neutral
5133,Neutral
5134,Negative
5135,Negative
5136,Negative
5138,Negative
5139,Neutral
5140,Negative
5141,Negative
5142,Positive
5143,Neutral
5144,Negative
5145,Neutral
5146,Neutral
5147,Neutral
5148,Neutral
5149,Negative
5150,Negative
5151,Negative
5152,Neutral
5153,Neutral
5154,Negative
5155,Negative
5156,Negative
5157,Negative
5158,Neutral
5159,Negative
5160,Neutral
5161,Negative
5162,Neutral
5163,Negative
5164,Neutral
5165,Neutral
5166,Neutral
5167,Negative
5168,Negative
5169,Neutral
5170,Neutral
5171,Positive
5172,Neutral
5173,Negative
5174,Negative
5175,Neutral
5176,Neutral
5177,Negative
5178,Neutral
5179,Negative
5180,Neutral
5181,Neutral
5182,Negative
5183,Neutral
5184,Negative
5185,Negative
5186,Neutral
5187,Negative
5188,Neutral
5189,Neutral
5190,Neutral
5191,Negative
5192,Neutral
5193,Neutral
5194,Negative
5195,Negative
5196,Negative
5197,Negative
5198,Negative
5199,Negative
5200,Neutral
5201,Negative
5202,Negative
5203,Negative
5204,Neutral
5205,Negative
5206,Negative
5208,Negative
5209,Negative
5210,Negative
5211,Negative
5212,Negative
5213,Negative
5214,Neutral
5215,Negative
5216,Negative
5218,Negative
5219,Neutral
5221,Negative
5222,Neutral
5223,Negative
5224,Neutral
5225,Neutral
5226,Neutral
5227,Negative
5228,Negative
5229,Negative
5230,Neutral
5231,Negative
5232,Negative
5233,Neutral
5234,Neutral
5235,Negative
5236,Neutral
5237,Negative
5239,Neutral
5241,Negative
5243,Negative
5244,Negative
5245,Neutral
5246,Neutral
5247,Negative
5248,Negative
5249,Negative
5250,Neutral
5251,Negative
5252,Neutral
5253,Neutral
5254,Negative
5255,Neutral
5256,Negative
5257,Neutral
5258,Negative
5259,Negative
5260,Neutral
5261,Neutral
5262,Neutral
5263,Neutral
5264,Neutral
5265,Negative
5266,Neutral
5267,Neutral
5268,Negative
5270,Neutral
5271,Negative
5272,Neutral
5273,Negative
5274,Negative
5275,Negative
5276,Negative
5277,Neutral
5278,Neutral
5280,Neutral
5281,Negative
5282,Neutral
5283,Neutral
5284,Negative
5285,Negative
5286,Negative
5287,Negative
5289,Positive
5290,Negative
5291,Negative
5292,Negative
5293,Negative
5294,Negative
5295,Negative
5296,Neutral
5297,Negative
5299,Negative
5300,Neutral
5302,Negative
5303,Negative
5304,Negative
5305,Negative
5306,Neutral
5307,Neutral
5308,Neutral
5309,Negative
5310,Neutral
5311,Neutral
5312,Negative
5313,Negative
5314,Negative
5315,Negative
5316,Neutral
5317,Negative
5318,Neutral
5319,Negative
5320,Negative
5321,Positive
5322,Neutral
5323,Neutral
5324,Negative
5325,Positive
5326,Negative
5327,Negative
5328,Neutral
5329,Negative
5330,Negative
5331,Negative
5332,Neutral
5333,Negative
5334,Neutral
5335,Negative
5336,Neutral
5337,Neutral
5338,Neutral
5339,Neutral
5340,Neutral
5341,Neutral
5342,Negative
5343,Neutral
5344,Neutral
5345,Neutral
5346,Negative
5348,Negative
5349,Negative
5350,Negative
5351,Negative
5352,Negative
5353,Negative
5354,Negative
5355,Neutral
5356,Negative
5357,Neutral
5358,Neutral
5359,Negative
5360,Negative
5361,Negative
5362,Neutral
5363,Negative
5364,Neutral
5365,Negative
5366,Neutral
5367,Neutral
5368,Negative
5369,Neutral
5370,Negative
5372,Neutral
5375,Neutral
5376,Negative
5377,Neutral
5378,Neutral
5379,Negative
5380,Negative
5381,Neutral
5382,Neutral
5383,Neutral
5384,Negative
5385,Negative
5386,Neutral
5387,Negative
5388,Negative
5389,Neutral
5390,Negative
5392,Negative
5393,Neutral
5394,Neutral
5395,Negative
5396,Negative
5397,Negative
5398,Negative
5399,Negative
5400,Negative
5401,Negative
5402,Negative
5403,Negative
5404,Negative
5405,Neutral
5406,Neutral
5407,Neutral
5408,Negative
5409,Neutral
5410,Neutral
5411,Negative
5412,Negative
5413,Neutral
5414,Neutral
5415,Negative
5416,Negative
5417,Neutral
5418,Neutral
5419,Neutral
5420,Negative
5421,Negative
5422,Negative
5423,Positive
5424,Negative
5425,Negative
5426,Negative
5427,Negative
5428,Neutral
5429,Neutral
5430,Neutral
5431,Neutral
5432,Negative
5433,Neutral
5435,Negative
5436,Neutral
5437,Neutral
5438,Negative
5439,Neutral
5440,Neutral
5441,Neutral
5442,Neutral
5443,Neutral
5444,Negative
5445,Neutral
5446,Neutral
5447,Negative
5448,Neutral
5449,Negative
5450,Neutral
5451,Neutral
5452,Neutral
5453,Neutral
5454,Negative
5455,Negative
5456,Negative
5457,Neutral
5458,Neutral
5459,Neutral
5460,Negative
5461,Neutral
5462,Negative
5464,Neutral
5465,Negative
5466,Negative
5467,Negative
5468,Negative
5469,Negative
5470,Neutral
5471,Negative
5472,Negative
5473,Negative
5474,Negative
5475,Negative
5476,Neutral
5477,Neutral
5478,Negative
5479,Negative
5480,Negative
5481,Negative
5482,Negative
5483,Negative
5484,Negative
5485,Negative
5486,Negative
5487,Negative
5488,Negative
5489,Neutral
5490,Negative
5492,Negative
5493,Neutral
5494,Negative
5495,Neutral
5496,Negative
5497,Neutral
5498,Negative
5499,Neutral
5500,Negative
5501,Negative
5502,Negative
5503,Neutral
5504,Neutral
5505,Neutral
5506,Neutral
5507,Neutral
5508,Neutral
5509,Negative
5510,Negative
5511,Negative
5512,Negative
5513,Negative
5514,Neutral
5515,Negative
5516,Neutral
5517,Neutral
5518,Negative
5519,Negative
5520,Neutral
5521,Neutral
5522,Neutral
5523,Negative
5524,Negative
5525,Neutral
5526,Neutral
5527,Negative
5528,Neutral
5529,Negative
5530,Positive
5531,Neutral
5532,Negative
5533,Neutral
5534,Positive
5535,Negative
5536,Negative
5537,Neutral
5538,Neutral
5539,Neutral
5540,Negative
5541,Neutral
5542,Neutral
5543,Neutral
5544,Negative
5545,Neutral
5546,Negative
5547,Neutral
5548,Positive
5549,Negative
5550,Neutral
5551,Negative
5552,Negative
5553,Negative
5554,Positive
5555,Negative
5556,Negative
5557,Neutral
5558,Neutral
5559,Neutral
5560,Negative
5561,Neutral
5562,Positive
5563,Negative
5564,Negative
5565,Negative
5566,Neutral
5567,Neutral
5568,Neutral
5569,Neutral
5570,Negative
5571,Negative
5572,Negative
5573,Positive
5574,Negative
5575,Negative
5576,Neutral
5577,Negative
5578,Negative
5579,Negative
5580,Negative
5581,Negative
5582,Negative
5583,Neutral
5584,Negative
5585,Negative
5586,Negative
5587,Neutral
5588,Neutral
5589,Negative
5590,Neutral
5591,Negative
5592,Neutral
5593,Negative
5594,Neutral
5595,Negative
5596,Negative
5597,Negative
5598,Negative
5599,Neutral
5600,Neutral
5601,Negative
5602,Neutral
5603,Neutral
5604,Negative
5605,Neutral
5606,Neutral
5607,Neutral
5608,Negative
5609,Neutral
5610,Neutral
5611,Negative
5612,Neutral
5613,Neutral
5614,Negative
5615,Negative
5616,Neutral
5617,Neutral
5618,Negative
5619,Negative
5620,Negative
5621,Positive
5622,Negative
5623,Negative
5624,Neutral
5625,Negative
5626,Negative
5627,Negative
5628,Negative
5629,Negative
5630,Neutral
5631,Neutral
5632,Positive
5633,Negative
5634,Negative
5635,Neutral
5636,Negative
5637,Neutral
5638,Negative
5639,Negative
5640,Neutral
5641,Negative
5642,Neutral
5643,Negative
5644,Negative
5645,Negative
5646,Neutral
5647,Negative
5648,Neutral
5649,Negative
5650,Neutral
5651,Negative
5652,Negative
5653,Negative
5654,Neutral
5655,Neutral
5656,Neutral
5657,Neutral
5658,Negative
5659,Negative
5660,Neutral
5661,Negative
5662,Negative
5663,Negative
5664,Neutral
5665,Positive
5666,Positive
5667,Neutral
5668,Neutral
5669,Neutral
5670,Negative
5671,Neutral
5672,Neutral
5673,Negative
5674,Negative
5675,Negative
5676,Negative
5677,Negative
5678,Negative
5679,Negative
5680,Negative
5681,Neutral
5682,Negative
5683,Negative
5684,Negative
5685,Negative
5686,Neutral
5687,Negative
5688,Neutral
5689,Neutral
5690,Neutral
5691,Negative
5692,Negative
5693,Negative
5694,Negative
5695,Negative
5696,Neutral
5697,Negative
5698,Neutral
5699,Neutral
5700,Negative
5701,Neutral
5702,Neutral
5703,Neutral
5704,Negative
5705,Neutral
5706,Neutral
5707,Neutral
5708,Neutral
5709,Negative
5710,Neutral
5711,Negative
5712,Neutral
5713,Neutral
5714,Neutral
5715,Positive
5716,Negative
5717,Negative
5718,Negative
5719,Neutral
5720,Positive
5721,Neutral
5722,Negative
5723,Neutral
5724,Neutral
5725,Negative
5726,Negative
5727,Negative
5728,Negative
5729,Neutral
5730,Negative
5731,Neutral
5732,Positive
5733,Negative
5734,Neutral
5735,Negative
5736,Negative
5737,Neutral
5738,Neutral
5739,Neutral
5740,Negative
5741,Neutral
5742,Neutral
5743,Negative
5744,Negative
5745,Negative
5746,Neutral
5747,Negative
5748,Neutral
5749,Negative
5750,Neutral
5751,Neutral
5752,Positive
5753,Negative
5754,Negative
5755,Neutral
5756,Negative
5757,Negative
5758,Negative
5759,Neutral
5760,Positive
5761,Negative
5762,Negative
5763,Neutral
5764,Negative
5765,Neutral
5766,Neutral
5767,Negative
5768,Negative
5770,Neutral
5771,Neutral
5772,Negative
5773,Neutral
5774,Negative
5775,Negative
5776,Negative
5777,Neutral
5778,Neutral
5779,Negative
5780,Negative
5781,Neutral
5782,Negative
5783,Neutral
5784,Neutral
5785,Neutral
5786,Negative
5787,Neutral
5788,Positive
5789,Negative
5790,Neutral
5791,Negative
5792,Negative
5793,Neutral
5794,Neutral
5795,Negative
5796,Neutral
5797,Neutral
5798,Neutral
5799,Neutral
5800,Neutral
5801,Negative
5802,Negative
5803,Neutral
5804,Neutral
5805,Negative
5806,Negative
5807,Neutral
5808,Neutral
5809,Neutral
5810,Neutral
5811,Neutral
5812,Negative
5813,Positive
5814,Neutral
5815,Negative
5816,Negative
5817,Neutral
5818,Neutral
5819,Negative
5820,Negative
5821,Neutral
5822,Neutral
5823,Neutral
5824,Negative
5825,Neutral
5826,Neutral
5827,Neutral
5828,Negative
5829,Neutral
5830,Neutral
5831,Negative
5832,Negative
5833,Negative
5834,Negative
5835,Negative
5836,Negative
5837,Neutral
5838,Negative
5839,Neutral
5840,Neutral
5841,Neutral
5842,Negative
5844,Neutral
5845,Neutral
5846,Neutral
5847,Negative
5848,Neutral
5849,Positive
5850,Negative
5851,Neutral
5852,Negative
5853,Negative
5854,Neutral
5855,Negative
5856,Neutral
5857,Neutral
5858,Neutral
5859,Negative
5860,Neutral
5861,Negative
5862,Neutral
5863,Negative
5864,Negative
5865,Negative
5866,Negative
5867,Negative
5868,Negative
5869,Negative
5870,Negative
5871,Negative
5872,Negative
5873,Negative
5874,Positive
5875,Negative
5876,Positive
5877,Negative
5878,Negative
5879,Neutral
5880,Negative
5881,Neutral
5882,Neutral
5883,Negative
5884,Neutral
5885,Neutral
5886,Neutral
5887,Neutral
5888,Neutral
5889,Negative
5890,Neutral
5891,Negative
5892,Neutral
5893,Neutral
5894,Negative
5895,Negative
5896,Negative
5897,Negative
5898,Neutral
5899,Negative
5900,Neutral
5901,Negative
5902,Neutral
5903,Neutral
5904,Neutral
5905,Negative
5906,Neutral
5907,Negative
5908,Neutral
5909,Neutral
5910,Neutral
5911,Neutral
5912,Neutral
5913,Neutral
5914,Neutral
5915,Neutral
5916,Neutral
5917,Neutral
5918,Negative
5919,Negative
5920,Negative
5921,Neutral
5922,Neutral
5923,Neutral
5924,Neutral
5925,Neutral
5926,Neutral
5927,Neutral
5928,Positive
5929,Neutral
5930,Neutral
5931,Negative
5932,Neutral
5933,Negative
5934,Neutral
5935,Neutral
5936,Negative
5937,Negative
5938,Neutral
5939,Negative
5940,Negative
5941,Neutral
5942,Neutral
5943,Negative
5944,Positive
5945,Negative
5946,Neutral
5947,Negative
5948,Neutral
5949,Negative
5950,Negative
5951,Negative
5952,Neutral
5953,Neutral
5954,Neutral
5955,Neutral
5956,Neutral
5957,Neutral
5958,Neutral
5959,Neutral
5960,Neutral
5961,Neutral
5962,Negative
5963,Neutral
5964,Neutral
5965,Neutral
5966,Neutral
5967,Neutral
5968,Neutral
5969,Neutral
5970,Neutral
5971,Neutral
5972,Neutral
5973,Neutral
5974,Neutral
5975,Neutral
5976,Neutral
5977,Neutral
5978,Neutral
5979,Neutral
5980,Neutral
5981,Neutral
5982,Neutral
5983,Neutral
5984,Negative
5985,Neutral
5986,Neutral
5987,Neutral
5988,Neutral
5989,Neutral
5990,Neutral
5991,Neutral
5992,Neutral
5993,Neutral
5994,Neutral
5995,Neutral
5996,Neutral
5997,Neutral
5998,Negative
5999,Neutral
6000,Negative
6001,Neutral
6002,Neutral
6003,Negative
6004,Neutral
6006,Negative
6007,Neutral
6008,Neutral
6009,Neutral
6010,Neutral
6011,Neutral
6012,Negative
6013,Neutral
6014,Neutral
6015,Neutral
6016,Negative
6017,Neutral
6018,Negative
6019,Negative
6020,Neutral
6021,Neutral
6022,Neutral
6023,Neutral
6024,Neutral
6025,Negative
6026,Neutral
6027,Neutral
6028,Neutral
6029,Neutral
6030,Neutral
6031,Neutral
6032,Neutral
6033,Neutral
6034,Neutral
6035,Neutral
6036,Neutral
6037,Neutral
6038,Neutral
6039,Neutral
6040,Neutral
6041,Neutral
6042,Neutral
6043,Neutral
6044,Neutral
6045,Neutral
6046,Neutral
6047,Neutral
6048,Negative
6049,Neutral
6050,Neutral
6051,Neutral
6052,Neutral
6053,Neutral
6054,Neutral
6055,Neutral
6056,Neutral
6057,Neutral
6058,Neutral
6059,Neutral
6060,Neutral
6061,Neutral
6062,Neutral
6063,Neutral
6064,Neutral
6065,Neutral
6066,Neutral
6067,Neutral
6068,Neutral
6069,Neutral
6070,Negative
6071,Negative
6072,Negative
6073,Neutral
6074,Neutral
6075,Neutral
6076,Neutral
6077,Neutral
6078,Neutral
6079,Neutral
6080,Neutral
6081,Neutral
6082,Negative
6083,Neutral
6084,Neutral
6085,Neutral
6086,Neutral
6087,Neutral
6088,Neutral
6089,Neutral
6090,Neutral
6091,Neutral
6092,Neutral
6093,Neutral
6094,Neutral
6095,Negative
6096,Neutral
6097,Neutral
6098,Neutral
6099,Neutral
6100,Neutral
6101,Neutral
6102,Neutral
6103,Neutral
6104,Negative
6105,Neutral
6106,Neutral
6107,Neutral
6108,Neutral
6109,Neutral
6110,Neutral
6111,Neutral
6112,Neutral
6113,Neutral
6114,Neutral
6115,Negative
6116,Neutral
6117,Neutral
6118,Neutral
6119,Negative
6120,Neutral
6121,Neutral
6122,Neutral
6123,Neutral
6124,Neutral
6125,Neutral
6126,Neutral
6127,Neutral
6128,Neutral
6129,Neutral
6130,Neutral
6131,Neutral
6132,Negative
6133,Neutral
6134,Neutral
6135,Neutral
6136,Neutral
6137,Negative
6138,Negative
6139,Neutral
6140,Neutral
6141,Neutral
6142,Neutral
6143,Neutral
6144,Neutral
6145,Neutral
6146,Neutral
6147,Neutral
6148,Neutral
6149,Negative
6150,Neutral
6151,Neutral
6152,Neutral
6153,Negative
6154,Neutral
6155,Neutral
6156,Neutral
6157,Neutral
6158,Neutral
6159,Neutral
6160,Neutral
6161,Neutral
6162,Neutral
6163,Neutral
6164,Neutral
6165,Neutral
6166,Neutral
6167,Neutral
6168,Neutral
6169,Negative
6170,Neutral
6171,Neutral
6172,Neutral
6173,Neutral
6174,Neutral
6175,Neutral
6176,Neutral
6177,Negative
6178,Neutral
6179,Neutral
6180,Neutral
6181,Neutral
6182,Neutral
6183,Neutral
6184,Neutral
6185,Neutral
6186,Neutral
6187,Neutral
6188,Neutral
6189,Neutral
6190,Neutral
6191,Neutral
6192,Neutral
6194,Neutral
6195,Neutral
6196,Neutral
6197,Neutral
6198,Neutral
6199,Neutral
6200,Neutral
6201,Neutral
6202,Neutral
6203,Neutral
6204,Neutral
6205,Neutral
6206,Neutral
6207,Neutral
6208,Neutral
6209,Neutral
6210,Neutral
6211,Negative
6212,Neutral
6213,Neutral
6214,Neutral
6215,Neutral
6216,Neutral
6217,Neutral
6218,Neutral
6219,Neutral
6220,Negative
6221,Neutral
6222,Neutral
6223,Neutral
6224,Neutral
6225,Neutral
6226,Neutral
6227,Neutral
6228,Neutral
6229,Neutral
6230,Neutral
6231,Neutral
6232,Neutral
6233,Neutral
6234,Negative
6235,Neutral
6236,Neutral
6237,Neutral
6238,Neutral
6239,Neutral
6240,Neutral
6241,Neutral
6242,Neutral
6243,Neutral
6244,Neutral
6245,Neutral
6246,Neutral
6247,Negative
6248,Neutral
6249,Neutral
6250,Neutral
6251,Neutral
6252,Neutral
6253,Neutral
6254,Neutral
6255,Neutral
6256,Neutral
6257,Neutral
6258,Neutral
6259,Negative
6261,Negative
6262,Neutral
6263,Neutral
6264,Neutral
6265,Neutral
6269,Negative
6271,Negative
6272,Negative
6273,Neutral
6274,Negative
6275,Negative
6276,Negative
6277,Neutral
6278,Neutral
6279,Negative
6280,Neutral
6282,Neutral
6283,Negative
6284,Negative
6285,Negative
6287,Neutral
6289,Neutral
6290,Negative
6291,Negative
6292,Negative
6293,Positive
6294,Neutral
6295,Neutral
6296,Negative
6298,Neutral
6299,Neutral
6300,Negative
6301,Negative
6302,Neutral
6303,Neutral
6304,Neutral
6306,Neutral
6307,Negative
6308,Negative
6309,Negative
6310,Neutral
6311,Neutral
6312,Negative
6313,Negative
6314,Negative
6315,Neutral
6317,Neutral
6318,Neutral
6319,Negative
6320,Negative
6321,Negative
6322,Negative
6323,Neutral
6324,Negative
6325,Neutral
6326,Negative
6327,Negative
6329,Negative
6330,Negative
6331,Neutral
6332,Negative
6333,Negative
6334,Negative
6335,Negative
6336,Negative
6338,Negative
6341,Neutral
6342,Neutral
6343,Neutral
6345,Neutral
6346,Negative
6347,Positive
6348,Negative
6349,Neutral
6350,Neutral
6351,Positive
6353,Negative
6355,Neutral
6356,Negative
6357,Neutral
6358,Negative
6360,Negative
6361,Neutral
6362,Neutral
6363,Negative
6364,Negative
6365,Neutral
6367,Negative
6368,Negative
6369,Negative
6371,Neutral
6372,Neutral
6373,Negative
6374,Neutral
6375,Negative
6376,Negative
6377,Negative
6378,Neutral
6379,Negative
6380,Positive
6383,Neutral
6384,Negative
6385,Negative
6386,Neutral
6387,Negative
6388,Negative
6389,Negative
6390,Negative
6391,Neutral
6393,Neutral
6394,Negative
6395,Negative
6397,Negative
6398,Negative
6399,Negative
6400,Neutral
6401,Negative
6402,Positive
6403,Negative
6405,Negative
6406,Negative
6407,Negative
6409,Negative
6410,Negative
6411,Negative
6412,Negative
6414,Negative
6416,Negative
6417,Negative
6418,Neutral
6419,Negative
6420,Negative
6421,Neutral
6422,Negative
6423,Negative
6426,Negative
6428,Negative
6430,Negative
6431,Neutral
6432,Neutral
6433,Negative
6434,Neutral
6435,Negative
6436,Negative
6437,Neutral
6438,Negative
6439,Negative
6440,Neutral
6443,Negative
6447,Negative
6448,Negative
6450,Neutral
6451,Negative
6452,Neutral
6453,Negative
6454,Neutral
6455,Negative
6457,Negative
6458,Negative
6459,Negative
6460,Neutral
6462,Neutral
6464,Negative
6467,Negative
6468,Neutral
6470,Negative
6471,Neutral
6472,Negative
6473,Negative
6474,Negative
6475,Negative
6476,Negative
6477,Negative
6479,Negative
6480,Neutral
6482,Neutral
6483,Neutral
6484,Neutral
6485,Negative
6486,Neutral
6487,Neutral
6488,Negative
6489,Negative
6491,Neutral
6492,Neutral
6493,Neutral
6494,Negative
6495,Negative
6496,Neutral
6497,Negative
6498,Negative
6499,Negative
6500,Neutral
6501,Neutral
6502,Negative
6503,Negative
6504,Neutral
6505,Negative
6506,Negative
6507,Negative
6508,Negative
6509,Negative
6510,Negative
6511,Negative
6512,Negative
6513,Neutral
6514,Neutral
6515,Negative
6516,Neutral
6517,Negative
6518,Negative
6519,Negative
6520,Negative
6521,Negative
6522,Negative
6523,Negative
6524,Negative
6525,Negative
6526,Negative
6527,Negative
6528,Negative
6529,Negative
6530,Neutral
6531,Negative
6532,Negative
6533,Negative
6535,Neutral
6536,Negative
6537,Negative
6538,Negative
6539,Negative
6540,Negative
6541,Neutral
6542,Neutral
6543,Negative
6544,Neutral
6545,Neutral
6546,Neutral
6547,Negative
6548,Negative
6549,Negative
6550,Neutral
6552,Negative
6553,Negative
6554,Negative
6555,Negative
6556,Negative
6558,Negative
6559,Negative
6560,Negative
6561,Negative
6562,Negative
6563,Negative
6564,Negative
6565,Neutral
6566,Negative
6567,Negative
6568,Negative
6569,Negative
6570,Negative
6571,Negative
6572,Negative
6573,Negative
6574,Negative
6575,Neutral
6576,Neutral
6577,Positive
6578,Neutral
6579,Negative
6580,Negative
6581,Negative
6582,Neutral
6583,Negative
6584,Negative
6585,Negative
6586,Negative
6587,Neutral
6588,Negative
6589,Negative
6590,Negative
6591,Negative
6592,Neutral
6593,Negative
6594,Positive
6595,Negative
6596,Negative
6597,Neutral
6598,Negative
6599,Negative
6600,Neutral
6601,Neutral
6602,Negative
6603,Neutral
6604,Negative
6605,Neutral
6606,Neutral
6607,Neutral
6608,Neutral
6609,Negative
6610,Negative
6611,Neutral
6612,Negative
6613,Negative
6614,Negative
6615,Negative
6616,Neutral
6617,Negative
6618,Negative
6619,Neutral
6620,Negative
6621,Negative
6622,Neutral
6623,Negative
6624,Neutral
6625,Negative
6626,Negative
6627,Neutral
6628,Negative
6629,Negative
6630,Negative
6631,Negative
6632,Neutral
6633,Negative
6634,Negative
6635,Negative
6636,Negative
6637,Negative
6638,Negative
6639,Neutral
6640,Negative
6641,Negative
6642,Neutral
6643,Negative
6644,Negative
6645,Neutral
6646,Negative
6647,Neutral
6648,Negative
6649,Neutral
6650,Negative
6651,Neutral
6652,Negative
6653,Negative
6654,Neutral
6655,Neutral
6656,Negative
6657,Negative
6658,Negative
6659,Neutral
6660,Negative
6661,Neutral
6662,Negative
6663,Negative
6664,Negative
6665,Negative
6666,Negative
6667,Neutral
6668,Neutral
6669,Negative
6670,Negative
6671,Negative
6672,Negative
6673,Neutral
6674,Neutral
6675,Negative
6676,Negative
6677,Negative
6678,Negative
6679,Negative
6680,Negative
6681,Neutral
6682,Neutral
6683,Negative
6684,Neutral
6685,Negative
6686,Neutral
6687,Negative
6688,Neutral
6689,Negative
6690,Negative
6691,Neutral
6692,Negative
6693,Negative
6694,Neutral
6695,Negative
6696,Negative
6697,Negative
6698,Negative
6699,Neutral
6700,Negative
6701,Negative
6702,Neutral
6703,Neutral
6704,Negative
6705,Negative
6706,Negative
6707,Negative
6708,Negative
6709,Neutral
6710,Negative
6711,Neutral
6712,Neutral
6713,Neutral
6714,Negative
6715,Negative
6716,Negative
6717,Negative
6718,Negative
6719,Negative
6720,Negative
6721,Negative
6722,Negative
6723,Negative
6724,Neutral
6725,Negative
6726,Negative
6727,Neutral
6728,Negative
6729,Negative
6730,Neutral
6731,Negative
6732,Negative
6733,Negative
6734,Neutral
6735,Neutral
6736,Negative
6737,Negative
6738,Negative
6739,Negative
6740,Negative
6741,Neutral
6742,Negative
6743,Negative
6744,Negative
6745,Negative
6746,Negative
6747,Negative
6748,Negative
6749,Neutral
6750,Neutral
6751,Negative
6752,Negative
6753,Negative
6754,Negative
6755,Negative
6756,Negative
6757,Negative
6758,Neutral
6759,Negative
6760,Negative
6761,Negative
6762,Negative
6763,Negative
6764,Negative
6765,Neutral
6766,Neutral
6767,Negative
6768,Neutral
6769,Negative
6770,Negative
6771,Negative
6772,Negative
6773,Neutral
6774,Negative
6775,Negative
6776,Negative
6777,Negative
6778,Negative
6779,Negative
6780,Negative
6781,Negative
6782,Neutral
6783,Neutral
6784,Negative
6785,Negative
6786,Negative
6787,Negative
6788,Negative
6789,Neutral
6790,Negative
6791,Neutral
6793,Neutral
6794,Negative
6795,Negative
6796,Negative
6797,Neutral
6798,Negative
6799,Neutral
6800,Positive
6801,Neutral
6802,Negative
6803,Negative
6804,Negative
6805,Negative
6806,Negative
6807,Negative
6808,Neutral
6809,Negative
6810,Negative
6811,Neutral
6812,Neutral
6813,Negative
6814,Negative
6815,Negative
6816,Negative
6817,Negative
6818,Neutral
6819,Neutral
6820,Neutral
6821,Negative
6822,Negative
6823,Neutral
6824,Neutral
6825,Neutral
6827,Neutral
6829,Negative
6832,Neutral
6835,Negative
6837,Neutral
6838,Neutral
6839,Negative
6840,Negative
6841,Negative
6842,Negative
6843,Negative
6844,Negative
6845,Neutral
6846,Negative
6847,Neutral
6848,Positive
6849,Negative
6850,Negative
6851,Negative
6852,Negative
6853,Neutral
6854,Negative
6855,Positive
6856,Negative
6857,Neutral
6860,Neutral
6862,Negative
6863,Negative
6864,Neutral
6865,Negative
6867,Negative
6868,Neutral
6870,Negative
6871,Neutral
6872,Negative
6873,Negative
6874,Negative
6875,Neutral
6877,Neutral
6878,Negative
6880,Negative
6881,Negative
6882,Neutral
6883,Negative
6884,Neutral
6885,Neutral
6887,Neutral
6889,Negative
6890,Negative
6891,Negative
6896,Neutral
6897,Negative
6898,Negative
6902,Negative
6910,Negative
6914,Neutral
6924,Neutral
6925,Negative
6926,Neutral
6927,Negative
6931,Negative
6935,Positive
6938,Negative
6939,Positive
6940,Negative
6946,Neutral
6952,Negative
6969,Negative
6973,Neutral
6985,Negative
6998,Neutral
7042,Neutral
7043,Negative
7044,Negative
7045,Neutral
7046,Negative
7047,Negative
7048,Neutral
7049,Negative
7050,Neutral
7051,Negative
7052,Negative
7053,Negative
7054,Negative
7055,Negative
7056,Neutral
7057,Neutral
7058,Negative
7059,Neutral
7060,Neutral
7061,Negative
7062,Neutral
7063,Negative
7064,Negative
7065,Negative
7066,Negative
7067,Negative
7068,Negative
7069,Neutral
7070,Negative
7071,Negative
7072,Neutral
7073,Neutral
7074,Negative
7075,Neutral
7076,Neutral
7077,Negative
7078,Negative
7079,Neutral
7080,Neutral
7081,Neutral
7082,Neutral
7083,Neutral
7084,Neutral
7085,Neutral
7086,Negative
7087,Neutral
7088,Negative
7089,Neutral
7090,Negative
7091,Neutral
7092,Neutral
7093,Negative
7094,Negative
7095,Neutral
7096,Negative
7097,Neutral
7098,Neutral
7099,Neutral
7100,Neutral
7101,Negative
7102,Neutral
7103,Negative
7104,Neutral
7105,Negative
7106,Neutral
7107,Neutral
7108,Neutral
7109,Neutral
7110,Neutral
7111,Negative
7112,Neutral
7113,Negative
7114,Negative
7115,Neutral
7116,Neutral
7117,Negative
7118,Negative
7119,Neutral
7120,Negative
7121,Neutral
7122,Negative
7123,Negative
7124,Neutral
7125,Negative
7126,Negative
7127,Negative
7128,Neutral
7129,Neutral
7130,Negative
7131,Negative
7132,Neutral
7133,Neutral
7134,Neutral
7135,Neutral
7136,Neutral
7137,Negative
7138,Negative
7139,Neutral
7140,Neutral
7141,Neutral
7142,Negative
7143,Neutral
7144,Neutral
7145,Neutral
7146,Negative
7147,Neutral
7148,Neutral
7149,Negative
7150,Neutral
7151,Neutral
7152,Neutral
7153,Negative
7154,Neutral
7155,Negative
7156,Neutral
7157,Neutral
7158,Neutral
7159,Negative
7160,Neutral
7161,Negative
7162,Neutral
7163,Negative
7164,Negative
7165,Negative
7166,Negative
7167,Neutral
7168,Negative
7169,Neutral
7170,Neutral
7171,Neutral
7172,Negative
7173,Negative
7174,Neutral
7175,Negative
7176,Neutral
7177,Negative
7178,Negative
7179,Negative
7180,Neutral
7181,Negative
7182,Neutral
7183,Negative
7184,Neutral
7185,Negative
7186,Neutral
7187,Negative
7188,Negative
7189,Neutral
7190,Neutral
7191,Negative
7192,Negative
7193,Negative
7194,Neutral
7195,Neutral
7196,Neutral
7197,Neutral
7198,Neutral
7199,Negative
7200,Neutral
7201,Neutral
7202,Neutral
7203,Neutral
7204,Negative
7205,Neutral
7206,Neutral
7207,Neutral
7208,Neutral
7209,Neutral
7210,Negative
7211,Neutral
7212,Neutral
7213,Neutral
7214,Neutral
7215,Negative
7216,Neutral
7217,Neutral
7218,Neutral
7219,Neutral
7220,Neutral
7221,Neutral
7222,Neutral
7223,Neutral
7224,Negative
7225,Neutral
7226,Neutral
7227,Negative
7228,Negative
7229,Negative
7230,Neutral
7231,Neutral
7232,Neutral
7233,Negative
7234,Negative
7235,Neutral
7236,Positive
7237,Negative
7238,Negative
7239,Neutral
7240,Neutral
7241,Neutral
7242,Neutral
7243,Neutral
7244,Negative
7246,Neutral
7247,Neutral
7248,Negative
7249,Neutral
7250,Neutral
7253,Negative
7254,Neutral
7255,Neutral
7256,Neutral
7257,Negative
7258,Neutral
7259,Neutral
7260,Negative
7262,Negative
7263,Negative
7264,Neutral
7266,Neutral
7268,Neutral
7269,Neutral
7271,Negative
7272,Neutral
7273,Negative
7274,Neutral
7275,Negative
7276,Negative
7277,Negative
7278,Negative
7279,Neutral
7281,Negative
7283,Neutral
7284,Neutral
7285,Neutral
7286,Neutral
7287,Neutral
7288,Neutral
7289,Neutral
7290,Negative
7291,Negative
7293,Neutral
7294,Neutral
7296,Negative
7297,Neutral
7299,Neutral
7300,Negative
7301,Negative
7302,Negative
7304,Negative
7305,Negative
7306,Negative
7308,Neutral
7309,Negative
7313,Neutral
7314,Neutral
7315,Neutral
7316,Neutral
7318,Negative
7319,Negative
7320,Negative
7321,Negative
7324,Negative
7325,Neutral
7326,Neutral
7327,Neutral
7328,Negative
7330,Negative
7331,Neutral
7332,Neutral
7333,Negative
7334,Negative
7335,Negative
7336,Neutral
7339,Negative
7340,Negative
7341,Neutral
7342,Neutral
7343,Neutral
7344,Negative
7346,Negative
7347,Negative
7348,Neutral
7349,Neutral
7350,Neutral
7351,Negative
7352,Neutral
7353,Neutral
7354,Negative
7355,Neutral
7358,Negative
7359,Negative
7360,Neutral
7361,Neutral
7362,Neutral
7363,Neutral
7364,Neutral
7365,Negative
7367,Neutral
7369,Negative
7370,Negative
7371,Neutral
7372,Neutral
7373,Neutral
7374,Neutral
7375,Negative
7376,Negative
7377,Negative
7379,Neutral
7380,Neutral
7381,Negative
7382,Neutral
7383,Negative
7384,Neutral
7387,Neutral
7388,Negative
7389,Neutral
7390,Negative
7392,Negative
7393,Negative
7395,Neutral
7396,Negative
7397,Negative
7398,Neutral
7399,Negative
7400,Neutral
7401,Negative
7402,Neutral
7403,Negative
7404,Negative
7407,Neutral
7409,Negative
7410,Neutral
7411,Neutral
7412,Negative
7413,Negative
7416,Negative
7417,Negative
7418,Neutral
7419,Neutral
7420,Neutral
7421,Negative
7423,Neutral
7424,Neutral
7425,Neutral
7426,Negative
7427,Neutral
7428,Negative
7429,Negative
7430,Neutral
7434,Neutral
7436,Negative
7438,Neutral
7439,Neutral
7440,Negative
7441,Neutral
7445,Neutral
7446,Negative
7447,Neutral
7449,Negative
7450,Negative
7451,Neutral
7452,Neutral
7453,Negative
7454,Negative
7455,Negative
7457,Neutral
7458,Neutral
7459,Neutral
7460,Negative
7461,Neutral
7462,Neutral
7463,Negative
7464,Neutral
7465,Negative
7466,Negative
7467,Negative
7468,Negative
7469,Neutral
7471,Neutral
7472,Neutral
7473,Negative
7474,Neutral
7475,Negative
7476,Negative
7477,Neutral
7478,Negative
7479,Negative
7480,Negative
7481,Negative
7482,Negative
7483,Negative
7484,Negative
7485,Negative
7486,Neutral
7487,Negative
7488,Neutral
7489,Negative
7490,Negative
7491,Neutral
7492,Neutral
7493,Neutral
7494,Negative
7495,Negative
7496,Neutral
7497,Positive
7498,Neutral
7499,Negative
7500,Negative
7501,Neutral
7502,Negative
7503,Neutral
7504,Negative
7505,Neutral
7506,Neutral
7507,Negative
7508,Negative
7509,Negative
7510,Negative
7511,Neutral
7512,Neutral
7513,Negative
7514,Negative
7515,Neutral
7516,Neutral
7517,Negative
7518,Negative
7519,Neutral
7520,Negative
7521,Neutral
7522,Neutral
7523,Negative
7524,Negative
7525,Neutral
7526,Negative
7527,Neutral
7528,Negative
7529,Negative
7530,Negative
7531,Neutral
7532,Neutral
7533,Neutral
7534,Neutral
7535,Negative
7536,Neutral
7537,Neutral
7538,Neutral
7539,Negative
7540,Neutral
7541,Negative
7542,Neutral
7543,Neutral
7544,Positive
7545,Neutral
7546,Negative
7547,Negative
7548,Negative
7549,Neutral
7550,Neutral
7551,Neutral
7552,Neutral
7553,Negative
7554,Neutral
7555,Negative
7556,Neutral
7557,Negative
7558,Negative
7559,Negative
7560,Negative
7561,Negative
7562,Positive
7563,Negative
7564,Neutral
7565,Negative
7566,Negative
7567,Neutral
7568,Negative
7569,Neutral
7570,Negative
7571,Neutral
7572,Neutral
7573,Negative
7574,Negative
7575,Neutral
7576,Negative
7577,Negative
7578,Positive
7579,Neutral
7580,Negative
7581,Neutral
7582,Negative
7583,Neutral
7584,Negative
7585,Negative
7586,Negative
7587,Negative
7588,Negative
7589,Neutral
7590,Positive
7591,Neutral
7592,Neutral
7593,Negative
7594,Negative
7595,Negative
7596,Negative
7597,Negative
7598,Negative
7599,Negative
7600,Neutral
7601,Neutral
7602,Neutral
7603,Positive
7604,Neutral
7605,Neutral
7606,Negative
7607,Negative
7608,Neutral
7609,Negative
7610,Negative
7611,Negative
7612,Neutral
7613,Neutral
7614,Negative
7615,Neutral
7616,Negative
7617,Neutral
7618,Negative
7619,Positive
7620,Negative
7621,Neutral
7622,Negative
7623,Negative
7624,Neutral
7625,Negative
7626,Positive
7627,Neutral
7628,Negative
7629,Positive
7630,Negative
7631,Neutral
7632,Negative
7633,Neutral
7634,Negative
7635,Negative
7636,Negative
7637,Negative
7638,Negative
7639,Neutral
7640,Neutral
7641,Neutral
7642,Neutral
7643,Negative
7644,Negative
7645,Negative
7646,Neutral
7647,Neutral
7648,Neutral
7649,Negative
7650,Negative
7651,Neutral
7652,Neutral
7653,Negative
7654,Negative
7655,Neutral
7656,Negative
7657,Neutral
7658,Negative
7659,Negative
7660,Negative
7661,Negative
7662,Negative
7663,Negative
7664,Negative
7665,Neutral
7666,Neutral
7667,Neutral
7668,Positive
7669,Neutral
7670,Negative
7671,Negative
7672,Neutral
7673,Neutral
7674,Negative
7675,Neutral
7676,Negative
7677,Negative
7678,Negative
7679,Negative
7680,Negative
7682,Negative
7683,Negative
7684,Negative
7685,Negative
7686,Neutral
7687,Neutral
7688,Neutral
7689,Neutral
7690,Negative
7691,Negative
7692,Negative
7693,Negative
7694,Neutral
7695,Negative
7696,Negative
7697,Negative
7698,Negative
7699,Negative
7700,Neutral
7701,Negative
7702,Negative
7703,Negative
7704,Negative
7705,Negative
7706,Neutral
7707,Neutral
7708,Neutral
7709,Neutral
7710,Neutral
7711,Negative
7712,Negative
7713,Negative
7714,Neutral
7715,Neutral
7716,Negative
7717,Negative
7718,Negative
7719,Neutral
7720,Neutral
7722,Neutral
7723,Neutral
7724,Neutral
7725,Negative
7726,Negative
7727,Negative
7728,Negative
7729,Neutral
7730,Negative
7731,Neutral
7732,Negative
7733,Negative
7734,Neutral
7735,Negative
7736,Negative
7737,Negative
7738,Neutral
7739,Negative
7740,Neutral
7741,Negative
7742,Negative
7743,Neutral
7744,Negative
7745,Neutral
7746,Negative
7747,Positive
7748,Neutral
7749,Neutral
7750,Positive
7751,Negative
7752,Negative
7753,Negative
7754,Negative
7755,Negative
7756,Negative
7757,Negative
7758,Negative
7759,Neutral
7760,Negative
7761,Neutral
7762,Neutral
7763,Negative
7764,Negative
7765,Negative
7766,Negative
7767,Neutral
7768,Negative
7769,Negative
7770,Neutral
7771,Neutral
7772,Negative
7773,Negative
7774,Neutral
7775,Neutral
7776,Negative
7777,Neutral
7778,Neutral
7779,Negative
7780,Positive
7781,Neutral
7782,Negative
7783,Negative
7784,Negative
7785,Neutral
7786,Neutral
7787,Negative
7788,Negative
7789,Neutral
7790,Negative
7791,Neutral
7792,Negative
7793,Negative
7794,Negative
7795,Negative
7796,Neutral
7797,Negative
7798,Negative
7799,Negative
7800,Negative
7801,Neutral
7802,Negative
7803,Neutral
7804,Negative
7805,Negative
7806,Neutral
7807,Negative
7808,Negative
7809,Negative
7810,Negative
7811,Neutral
7812,Negative
7813,Neutral
7814,Negative
7815,Neutral
7816,Negative
7817,Negative
7818,Neutral
7819,Negative
7820,Negative
7821,Negative
7822,Neutral
7823,Negative
7824,Neutral
7825,Negative
7826,Neutral
7827,Neutral
7828,Negative
7829,Neutral
7830,Negative
7831,Negative
7832,Negative
7833,Negative
7834,Neutral
7835,Negative
7836,Negative
7837,Negative
7838,Neutral
7839,Neutral
7840,Neutral
7841,Negative
7842,Negative
7843,Negative
7844,Negative
7845,Negative
7846,Neutral
7847,Negative
7848,Neutral
7849,Neutral
7850,Negative
7851,Neutral
7852,Negative
7853,Neutral
7854,Positive
7855,Positive
7856,Negative
7857,Negative
7858,Negative
7859,Negative
7860,Neutral
7861,Negative
7862,Neutral
7863,Negative
7864,Negative
7865,Negative
7866,Negative
7867,Neutral
7869,Negative
7870,Negative
7871,Negative
7872,Negative
7873,Neutral
7874,Negative
7875,Negative
7876,Neutral
7877,Negative
7878,Negative
7879,Neutral
7880,Negative
7881,Negative
7882,Positive
7883,Negative
7884,Negative
7885,Negative
7886,Neutral
7887,Negative
7888,Negative
7889,Negative
7890,Negative
7891,Negative
7892,Negative
7893,Neutral
7894,Negative
7895,Neutral
7896,Negative
7897,Neutral
7898,Neutral
7899,Negative
7900,Neutral
7901,Neutral
7902,Negative
7903,Negative
7904,Negative
7905,Negative
7906,Neutral
7907,Neutral
7908,Negative
7909,Neutral
7910,Negative
7911,Neutral
7912,Negative
7913,Neutral
7914,Negative
7915,Negative
7916,Neutral
7917,Negative
7918,Neutral
7919,Neutral
7920,Negative
7921,Negative
7922,Positive
7923,Negative
7924,Neutral
7925,Negative
7926,Negative
7927,Negative
7928,Negative
7929,Neutral
7930,Negative
7931,Neutral
7932,Negative
7933,Negative
7934,Neutral
7935,Neutral
7936,Positive
7937,Negative
7938,Negative
7939,Negative
7940,Negative
7941,Neutral
7943,Negative
7944,Negative
7945,Negative
7946,Negative
7947,Negative
7948,Negative
7949,Neutral
7950,Neutral
7951,Negative
7952,Neutral
7953,Positive
7954,Negative
7955,Negative
7956,Negative
7957,Negative
7958,Negative
7959,Negative
7960,Negative
7961,Neutral
7962,Negative
7963,Neutral
7964,Neutral
7965,Neutral
7966,Negative
7967,Negative
7968,Negative
7969,Neutral
7970,Neutral
7971,Negative
7972,Neutral
7973,Negative
7974,Positive
7975,Neutral
7976,Neutral
7977,Neutral
7978,Negative
7979,Negative
7980,Negative
7981,Neutral
7982,Negative
7983,Negative
7984,Neutral
7985,Neutral
7986,Neutral
7987,Negative
7988,Negative
7989,Negative
7990,Neutral
7991,Positive
7992,Negative
7993,Negative
7994,Negative
7995,Negative
7996,Negative
7997,Negative
7998,Neutral
7999,Neutral
8001,Negative
8002,Negative
8003,Negative
8004,Neutral
8005,Neutral
8006,Negative
8007,Neutral
8008,Negative
8009,Negative
8010,Negative
8011,Negative
8012,Negative
8013,Negative
8014,Negative
8015,Negative
8016,Neutral
8017,Negative
8018,Neutral
8019,Negative
8020,Neutral
8021,Negative
8022,Negative
8023,Neutral
8024,Negative
8025,Negative
8026,Neutral
8027,Neutral
8028,Negative
8029,Negative
8030,Negative
8031,Positive
8032,Negative
8033,Negative
8034,Neutral
8035,Negative
8036,Negative
8037,Neutral
8038,Negative
8039,Negative
8040,Negative
8041,Negative
8042,Negative
8043,Neutral
8044,Neutral
8045,Neutral
8046,Negative
8047,Neutral
8048,Neutral
8049,Neutral
8050,Positive
8051,Negative
8052,Neutral
8053,Neutral
8054,Neutral
8055,Negative
8056,Negative
8057,Neutral
8058,Neutral
8059,Negative
8060,Negative
8061,Neutral
8062,Negative
8063,Neutral
8064,Neutral
8065,Neutral
8066,Negative
8067,Negative
8068,Neutral
8069,Negative
8070,Neutral
8071,Neutral
8072,Negative
8073,Neutral
8074,Neutral
8075,Negative
8076,Negative
8077,Negative
8078,Negative
8079,Negative
8080,Neutral
8081,Negative
8082,Neutral
8083,Negative
8084,Negative
8085,Neutral
8086,Neutral
8087,Negative
8088,Neutral
8089,Negative
8090,Negative
8091,Negative
8092,Neutral
8093,Positive
8094,Neutral
8095,Neutral
8096,Neutral
8097,Neutral
8098,Negative
8099,Negative
8100,Negative
8101,Negative
8102,Negative
8103,Neutral
8104,Neutral
8105,Neutral
8106,Negative
8107,Negative
8108,Neutral
8109,Negative
8110,Negative
8111,Neutral
8112,Neutral
8113,Neutral
8114,Positive
8115,Positive
8116,Negative
8117,Negative
8118,Negative
8119,Negative
8120,Negative
8121,Negative
8122,Neutral
8123,Negative
8124,Neutral
8125,Negative
8126,Negative
8127,Negative
8128,Neutral
8129,Negative
8130,Negative
8131,Negative
8132,Negative
8133,Neutral
8134,Negative
8135,Negative
8136,Negative
8137,Negative
8138,Negative
8139,Neutral
8140,Neutral
8141,Negative
8142,Neutral
8143,Neutral
8144,Neutral
8145,Negative
8146,Neutral
8147,Negative
8148,Neutral
8149,Neutral
8150,Negative
8151,Neutral
8152,Negative
8153,Negative
8154,Neutral
8155,Neutral
8156,Neutral
8157,Negative
8158,Neutral
8159,Negative
8161,Negative
8162,Negative
8164,Negative
8165,Neutral
8166,Negative
8167,Negative
8168,Negative
8169,Neutral
8170,Negative
8171,Negative
8172,Neutral
8173,Negative
8174,Neutral
8175,Negative
8176,Negative
8177,Negative
8178,Neutral
8179,Negative
8180,Negative
8181,Neutral
8182,Negative
8183,Negative
8184,Negative
8185,Negative
8186,Neutral
8187,Neutral
8188,Neutral
8189,Neutral
8190,Negative
8191,Negative
8192,Neutral
8193,Neutral
8194,Negative
8195,Neutral
8196,Neutral
8197,Negative
8198,Neutral
8199,Positive
8200,Negative
8201,Neutral
8202,Neutral
8203,Negative
8204,Negative
8205,Negative
8206,Negative
8207,Negative
8208,Negative
8209,Negative
8210,Negative
8211,Neutral
8212,Negative
8213,Negative
8214,Neutral
8215,Negative
8216,Negative
8217,Neutral
8218,Negative
8219,Negative
8220,Neutral
8221,Neutral
8222,Negative
8223,Neutral
8224,Neutral
8225,Negative
8226,Negative
8227,Negative
8228,Negative
8229,Negative
8230,Negative
8231,Neutral
8232,Negative
8233,Neutral
8234,Negative
8235,Neutral
8236,Negative
8237,Negative
8238,Neutral
8239,Negative
8240,Neutral
8241,Negative
8242,Negative
8243,Negative
8244,Negative
8245,Negative
8246,Negative
8247,Neutral
8248,Neutral
8249,Neutral
8250,Negative
8251,Negative
8252,Neutral
8253,Negative
8254,Neutral
8255,Negative
8256,Negative
8257,Negative
8258,Negative
8259,Negative
8260,Negative
8261,Negative
8262,Negative
8263,Negative
8264,Neutral
8265,Neutral
8266,Neutral
8267,Neutral
8268,Neutral
8269,Neutral
8270,Neutral
8271,Neutral
8272,Negative
8273,Negative
8274,Negative
8275,Neutral
8276,Negative
8277,Negative
8278,Neutral
8279,Neutral
8280,Negative
8281,Positive
8282,Negative
8283,Negative
8284,Neutral
8285,Negative
8286,Negative
8288,Neutral
8289,Negative
8290,Neutral
8291,Negative
8292,Neutral
8293,Negative
8294,Negative
8295,Negative
8296,Negative
8297,Negative
8298,Neutral
8299,Negative
8300,Negative
8301,Neutral
8302,Neutral
8303,Neutral
8304,Neutral
8305,Negative
8306,Neutral
8307,Neutral
8308,Positive
8309,Neutral
8310,Neutral
8311,Negative
8312,Negative
8313,Negative
8314,Neutral
8315,Negative
8316,Neutral
8317,Negative
8318,Negative
8319,Neutral
8320,Negative
8321,Negative
8322,Neutral
8323,Negative
8324,Neutral
8325,Negative
8326,Negative
8327,Negative
8328,Positive
8329,Negative
8330,Neutral
8331,Negative
8332,Neutral
8333,Negative
8334,Negative
8335,Negative
8336,Negative
8337,Neutral
8339,Negative
8340,Negative
8341,Neutral
8342,Negative
8343,Neutral
8344,Neutral
8345,Neutral
8346,Neutral
8347,Negative
8348,Neutral
8349,Negative
8350,Negative
8351,Negative
8352,Neutral
8353,Neutral
8354,Negative
8355,Neutral
8356,Negative
8357,Neutral
8358,Neutral
8359,Negative
8360,Negative
8361,Negative
8362,Negative
8363,Negative
8364,Negative
8365,Neutral
8366,Negative
8367,Negative
8368,Negative
8369,Neutral
8370,Negative
8371,Neutral
8372,Neutral
8373,Neutral
8374,Negative
8375,Negative
8376,Neutral
8377,Neutral
8378,Negative
8379,Negative
8380,Negative
8381,Neutral
8382,Negative
8383,Neutral
8384,Negative
8385,Negative
8386,Negative
8387,Negative
8389,Neutral
8390,Negative
8391,Negative
8392,Negative
8393,Negative
8394,Negative
8395,Negative
8396,Neutral
8397,Neutral
8398,Negative
8399,Negative
8401,Positive
8402,Neutral
8403,Positive
8404,Negative
8405,Negative
8406,Negative
8407,Negative
8408,Positive
8409,Neutral
8410,Positive
8411,Neutral
8412,Neutral
8413,Neutral
8414,Neutral
8415,Negative
8416,Neutral
8417,Negative
8418,Negative
8419,Negative
8420,Neutral
8421,Negative
8422,Neutral
8423,Negative
8424,Negative
8425,Neutral
8426,Negative
8427,Neutral
8428,Negative
8429,Neutral
8430,Negative
8431,Negative
8432,Negative
8433,Neutral
8434,Negative
8435,Neutral
8436,Neutral
8437,Negative
8438,Neutral
8439,Neutral
8440,Neutral
8441,Negative
8442,Negative
8443,Negative
8444,Neutral
8445,Positive
8446,Neutral
8447,Negative
8448,Negative
8449,Negative
8450,Negative
8451,Neutral
8452,Negative
8453,Negative
8454,Negative
8455,Negative
8456,Neutral
8457,Neutral
8458,Neutral
8459,Negative
8460,Negative
8461,Negative
8462,Negative
8463,Negative
8464,Negative
8465,Negative
8466,Negative
8467,Neutral
8468,Negative
8469,Negative
8470,Negative
8471,Negative
8472,Positive
8473,Neutral
8474,Neutral
8475,Neutral
8476,Negative
8477,Negative
8478,Neutral
8479,Neutral
8480,Neutral
8481,Neutral
8482,Negative
8483,Negative
8484,Neutral
8485,Neutral
8486,Negative
8487,Neutral
8488,Neutral
8489,Negative
8490,Negative
8491,Negative
8492,Negative
8493,Neutral
8494,Negative
8495,Negative
8496,Negative
8497,Neutral
8498,Negative
8499,Negative
8500,Neutral
8501,Negative
8502,Negative
8503,Negative
8504,Negative
8505,Negative
8506,Neutral
8507,Neutral
8508,Negative
8509,Negative
8510,Negative
8511,Neutral
8512,Negative
8513,Positive
8514,Neutral
8515,Neutral
8516,Negative
8517,Neutral
8518,Neutral
8519,Negative
8520,Positive
8521,Negative
8522,Neutral
8523,Neutral
8524,Negative
8525,Negative
8526,Negative
8527,Neutral
8528,Neutral
8529,Neutral
8530,Negative
8531,Negative
8532,Neutral
8533,Negative
8534,Negative
8535,Negative
8536,Neutral
8537,Negative
8538,Neutral
8539,Neutral
8540,Neutral
8541,Neutral
8542,Negative
8543,Neutral
8544,Neutral
8545,Negative
8547,Neutral
8548,Neutral
8549,Negative
8550,Positive
8551,Negative
8552,Negative
8553,Neutral
8554,Negative
8555,Negative
8556,Negative
8557,Negative
8558,Negative
8559,Neutral
8560,Neutral
8561,Negative
8562,Negative
8563,Neutral
8564,Neutral
8565,Neutral
8566,Negative
8567,Neutral
8568,Neutral
8569,Negative
8570,Negative
8571,Neutral
8572,Negative
8573,Negative
8574,Negative
8575,Neutral
8576,Negative
8577,Neutral
8578,Negative
8579,Neutral
8580,Negative
8581,Neutral
8582,Neutral
8583,Negative
8584,Negative
8585,Negative
8586,Neutral
8587,Negative
8588,Negative
8589,Negative
8590,Negative
8591,Neutral
8592,Negative
8593,Neutral
8594,Positive
8595,Neutral
8596,Negative
8597,Negative
8598,Neutral
8599,Negative
8600,Neutral
8601,Negative
8602,Negative
8603,Negative
8604,Negative
8605,Negative
8606,Negative
8607,Neutral
8608,Negative
8609,Negative
8610,Neutral
8611,Neutral
8612,Neutral
8613,Neutral
8614,Neutral
8615,Negative
8616,Neutral
8617,Neutral
8618,Negative
8619,Negative
8620,Negative
8621,Neutral
8622,Negative
8623,Negative
8624,Negative
8625,Neutral
8626,Neutral
8627,Neutral
8628,Negative
8629,Negative
8630,Negative
8631,Neutral
8632,Neutral
8633,Neutral
8634,Negative
8635,Positive
8636,Negative
8637,Negative
8638,Negative
8639,Neutral
8640,Neutral
8641,Negative
8642,Negative
8643,Neutral
8644,Negative
8645,Negative
8646,Negative
